HB;A:1-MET:N;A:5-GLU:OE1;3.7
HB;A:1-MET:O;A:158-TRP:NE1;3.7
HB;A:2-ASN:N;A:5-GLU:OE1;3.5
HB;A:2-ASN:O;A:5-GLU:N;3.2
HB;A:2-ASN:O;A:6-MET:N;2.9
HB;A:2-ASN:OD1;A:3-ILE:N;3.4
HB;A:2-ASN:OD1;A:4-PHE:N;3.0
HB;A:2-ASN:OD1;A:5-GLU:N;3.1
HB;A:2-ASN:ND2;A:5-GLU:OE2;3.7
HB;A:3-ILE:O;A:6-MET:N;3.5
HB;A:3-ILE:O;A:7-LEU:N;3.0
HB;A:4-PHE:O;A:7-LEU:N;3.4
HB;A:4-PHE:O;A:8-ARG:N;3.0
AR;A:4-PHE:CD2;A:67-PHE:CD1;3.9
AR;A:4-PHE:CD2;A:67-PHE:CE1;3.8
HB;A:5-GLU:N;A:2-ASN:O;3.2
HB;A:5-GLU:N;A:2-ASN:OD1;3.1
HB;A:5-GLU:O;A:8-ARG:N;3.3
HB;A:5-GLU:O;A:9-ILE:N;3.2
HB;A:5-GLU:OE1;A:1-MET:N;3.7
HB;A:5-GLU:OE1;A:2-ASN:N;3.5
HB;A:5-GLU:OE2;A:2-ASN:ND2;3.7
HB;A:6-MET:N;A:2-ASN:O;2.9
HB;A:6-MET:N;A:3-ILE:O;3.5
HB;A:6-MET:O;A:9-ILE:N;3.1
HB;A:6-MET:O;A:10-ASP:N;3.1
HB;A:7-LEU:N;A:3-ILE:O;3.0
HB;A:7-LEU:N;A:4-PHE:O;3.4
HB;A:7-LEU:O;A:10-ASP:N;3.3
HB;A:7-LEU:O;A:11-GLU:N;2.9
HB;A:8-ARG:N;A:4-PHE:O;3.0
HB;A:8-ARG:N;A:5-GLU:O;3.3
HB;A:8-ARG:O;A:11-GLU:N;3.8
HB;A:8-ARG:O;A:12-GLY:N;3.0
RE;A:8-ARG:CZ;A:60-LYS:NZ;6.0
RE;A:8-ARG:NH1;A:60-LYS:NZ;4.6
AT;A:8-ARG:NH1;A:64-GLU:OE2;5.8
HB;A:9-ILE:N;A:5-GLU:O;3.2
HB;A:9-ILE:N;A:6-MET:O;3.1
HB;A:10-ASP:N;A:6-MET:O;3.1
HB;A:10-ASP:N;A:7-LEU:O;3.3
HB;A:10-ASP:O;A:145-ARG:NH1;3.8
AT;A:10-ASP:OD1;A:145-ARG:NE;4.6
AT;A:10-ASP:OD1;A:145-ARG:CZ;5.3
AT;A:10-ASP:OD1;A:145-ARG:NH1;5.8
AT;A:10-ASP:OD1;A:145-ARG:NH2;5.8
AT;A:10-ASP:OD1;A:148-ARG:NE;2.8
HB;A:10-ASP:OD1;A:148-ARG:NE;2.8
SB;A:10-ASP:OD1;A:148-ARG:NE;2.8
AT;A:10-ASP:OD1;A:148-ARG:CZ;3.2
AT;A:10-ASP:OD1;A:148-ARG:NH1;2.9
HB;A:10-ASP:OD1;A:148-ARG:NH1;2.9
SB;A:10-ASP:OD1;A:148-ARG:NH1;2.9
AT;A:10-ASP:OD1;A:148-ARG:NH2;4.5
HB;A:10-ASP:OD1;A:161-TYR:OH;3.6
HB;A:10-ASP:OD2;A:101-ASN:ND2;3.9
AT;A:10-ASP:OD2;A:145-ARG:NE;3.9
HB;A:10-ASP:OD2;A:145-ARG:NE;3.9
SB;A:10-ASP:OD2;A:145-ARG:NE;3.9
AT;A:10-ASP:OD2;A:145-ARG:CZ;4.4
AT;A:10-ASP:OD2;A:145-ARG:NH1;5.4
AT;A:10-ASP:OD2;A:145-ARG:NH2;4.6
AT;A:10-ASP:OD2;A:148-ARG:NE;4.6
AT;A:10-ASP:OD2;A:148-ARG:CZ;5.3
AT;A:10-ASP:OD2;A:148-ARG:NH1;5.0
HB;A:10-ASP:OD2;A:161-TYR:OH;2.6
HB;A:11-GLU:N;A:7-LEU:O;2.9
HB;A:11-GLU:N;A:8-ARG:O;3.8
AT;A:11-GLU:OE1;A:145-ARG:NE;4.8
AT;A:11-GLU:OE1;A:145-ARG:CZ;3.4
AT;A:11-GLU:OE1;A:145-ARG:NH1;2.9
HB;A:11-GLU:OE1;A:145-ARG:NH1;2.9
SB;A:11-GLU:OE1;A:145-ARG:NH1;2.9
AT;A:11-GLU:OE1;A:145-ARG:NH2;3.1
HB;A:11-GLU:OE1;A:145-ARG:NH2;3.1
SB;A:11-GLU:OE1;A:145-ARG:NH2;3.1
AT;A:11-GLU:OE2;A:145-ARG:CZ;4.9
AT;A:11-GLU:OE2;A:145-ARG:NH1;4.0
AT;A:11-GLU:OE2;A:145-ARG:NH2;5.0
HB;A:12-GLY:N;A:8-ARG:O;3.0
HB;A:14-ARG:N;A:28-GLY:O;3.1
HB;A:14-ARG:O;A:28-GLY:N;2.7
HB;A:15-LEU:O;A:58-ILE:N;3.0
RE;A:16-LYS:NZ;A:43-LYS:NZ;5.7
HB;A:17-ILE:N;A:56-GLY:O;3.2
HB;A:18-TYR:N;A:26-THR:O;2.8
HB;A:18-TYR:O;A:26-THR:N;2.7
HB;A:18-TYR:OH;A:28-GLY:O;3.9
HB;A:18-TYR:OH;A:30-GLY:N;3.6
HB;A:20-ASP:N;A:24-TYR:O;2.6
HB;A:20-ASP:N;A:26-THR:OG1;3.9
HB;A:20-ASP:O;A:23-GLY:N;3.0
RE;A:20-ASP:OD1;A:22-GLU:OE2;5.9
HB;A:20-ASP:OD2;A:24-TYR:N;3.8
HB;A:20-ASP:OD2;A:26-THR:OG1;2.6
AT;A:22-GLU:OE1;A:137-ARG:NE;4.6
AT;A:22-GLU:OE1;A:137-ARG:CZ;3.5
AT;A:22-GLU:OE1;A:137-ARG:NH1;3.1
HB;A:22-GLU:OE1;A:137-ARG:NH1;3.1
SB;A:22-GLU:OE1;A:137-ARG:NH1;3.1
AT;A:22-GLU:OE1;A:137-ARG:NH2;3.4
HB;A:22-GLU:OE1;A:137-ARG:NH2;3.4
SB;A:22-GLU:OE1;A:137-ARG:NH2;3.4
RE;A:22-GLU:OE2;A:20-ASP:OD1;5.9
AT;A:22-GLU:OE2;A:137-ARG:NE;5.0
AT;A:22-GLU:OE2;A:137-ARG:CZ;3.7
AT;A:22-GLU:OE2;A:137-ARG:NH1;2.8
HB;A:22-GLU:OE2;A:137-ARG:NH1;2.8
SB;A:22-GLU:OE2;A:137-ARG:NH1;2.8
AT;A:22-GLU:OE2;A:137-ARG:NH2;3.8
HB;A:22-GLU:OE2;A:137-ARG:NH2;3.8
SB;A:22-GLU:OE2;A:137-ARG:NH2;3.8
HB;A:23-GLY:N;A:20-ASP:O;3.0
HB;A:24-TYR:N;A:20-ASP:OD2;3.8
HB;A:24-TYR:O;A:20-ASP:N;2.6
HB;A:25-TYR:N;A:34-THR:O;3.6
HB;A:25-TYR:O;A:33-LEU:N;2.8
HB;A:25-TYR:O;A:34-THR:N;3.5
HB;A:25-TYR:OH;A:37-PRO:O;3.7
HB;A:25-TYR:OH;A:39-LEU:N;3.8
HB;A:26-THR:N;A:18-TYR:O;2.7
HB;A:26-THR:O;A:18-TYR:N;2.8
HB;A:26-THR:OG1;A:20-ASP:N;3.9
HB;A:26-THR:OG1;A:20-ASP:OD2;2.6
HB;A:26-THR:OG1;A:24-TYR:O;3.0
HB;A:26-THR:OG1;A:25-TYR:O;3.3
HB;A:27-ILE:N;A:31-HIS:O;3.0
HB;A:27-ILE:O;A:30-GLY:N;3.9
HB;A:27-ILE:O;A:31-HIS:N;3.0
HB;A:28-GLY:N;A:14-ARG:O;2.7
HB;A:28-GLY:O;A:14-ARG:N;3.1
HB;A:28-GLY:O;A:18-TYR:OH;3.9
HB;A:30-GLY:N;A:18-TYR:OH;3.6
HB;A:30-GLY:N;A:27-ILE:O;3.9
HB;A:31-HIS:N;A:27-ILE:O;3.0
HB;A:31-HIS:O;A:27-ILE:N;3.0
AT;A:31-HIS:ND1;A:70-ASP:OD1;3.4
HB;A:31-HIS:ND1;A:70-ASP:OD1;3.4
SB;A:31-HIS:ND1;A:70-ASP:OD1;3.4
AT;A:31-HIS:ND1;A:70-ASP:OD2;2.7
HB;A:31-HIS:ND1;A:70-ASP:OD2;2.7
SB;A:31-HIS:ND1;A:70-ASP:OD2;2.7
HB;A:31-HIS:NE2;A:32-LEU:O;3.6
AT;A:31-HIS:NE2;A:70-ASP:OD1;4.9
AT;A:31-HIS:NE2;A:70-ASP:OD2;4.8
HB;A:33-LEU:N;A:25-TYR:O;2.8
HB;A:34-THR:N;A:25-TYR:O;3.5
HB;A:34-THR:O;A:25-TYR:N;3.6
HB;A:34-THR:OG1;A:35-LYS:N;3.0
HB;A:34-THR:OG1;A:36-SER:N;3.3
HB;A:36-SER:OG;A:38-SER:N;3.3
HB;A:36-SER:OG;A:38-SER:OG;3.2
HB;A:37-PRO:O;A:25-TYR:OH;3.7
HB;A:38-SER:O;A:41-ALA:N;3.1
HB;A:38-SER:O;A:42-ALA:N;3.1
HB;A:38-SER:OG;A:36-SER:OG;3.2
HB;A:39-LEU:N;A:25-TYR:OH;3.8
HB;A:39-LEU:O;A:42-ALA:N;3.4
HB;A:39-LEU:O;A:43-LYS:N;3.0
HB;A:40-ASN:O;A:43-LYS:N;3.3
HB;A:40-ASN:O;A:44-SER:N;3.1
HB;A:41-ALA:N;A:38-SER:O;3.1
HB;A:41-ALA:O;A:44-SER:N;3.5
HB;A:41-ALA:O;A:45-GLU:N;3.1
HB;A:42-ALA:N;A:38-SER:O;3.1
HB;A:42-ALA:N;A:39-LEU:O;3.4
HB;A:42-ALA:O;A:45-GLU:N;3.2
HB;A:42-ALA:O;A:46-LEU:N;2.9
HB;A:43-LYS:N;A:39-LEU:O;3.0
HB;A:43-LYS:N;A:40-ASN:O;3.3
HB;A:43-LYS:O;A:46-LEU:N;3.3
HB;A:43-LYS:O;A:47-ASP:N;3.0
RE;A:43-LYS:NZ;A:16-LYS:NZ;5.7
HB;A:44-SER:N;A:40-ASN:O;3.1
HB;A:44-SER:N;A:41-ALA:O;3.5
HB;A:44-SER:O;A:47-ASP:N;3.5
HB;A:44-SER:O;A:48-LYS:N;3.1
HB;A:44-SER:OG;A:45-GLU:N;3.5
HB;A:45-GLU:N;A:41-ALA:O;3.1
HB;A:45-GLU:N;A:42-ALA:O;3.2
HB;A:45-GLU:O;A:48-LYS:N;3.3
HB;A:45-GLU:O;A:49-ALA:N;2.9
AT;A:45-GLU:OE1;A:48-LYS:NZ;2.8
HB;A:45-GLU:OE1;A:48-LYS:NZ;2.8
SB;A:45-GLU:OE1;A:48-LYS:NZ;2.8
AT;A:45-GLU:OE2;A:48-LYS:NZ;3.7
HB;A:45-GLU:OE2;A:48-LYS:NZ;3.7
SB;A:45-GLU:OE2;A:48-LYS:NZ;3.7
HB;A:46-LEU:N;A:42-ALA:O;2.9
HB;A:46-LEU:N;A:43-LYS:O;3.3
HB;A:46-LEU:O;A:49-ALA:N;3.1
HB;A:46-LEU:O;A:50-ILE:N;3.0
HB;A:47-ASP:N;A:43-LYS:O;3.0
HB;A:47-ASP:N;A:44-SER:O;3.5
HB;A:47-ASP:O;A:50-ILE:N;3.6
HB;A:47-ASP:O;A:51-GLY:N;2.8
HB;A:47-ASP:O;A:52-ARG:N;3.4
HB;A:47-ASP:OD1;A:54-CYS:N;2.8
HB;A:47-ASP:OD1;A:54-CYS:SG;3.9
HB;A:47-ASP:OD2;A:53-ASN:ND2;3.8
HB;A:47-ASP:OD2;A:54-CYS:N;3.7
HB;A:48-LYS:N;A:44-SER:O;3.1
HB;A:48-LYS:N;A:45-GLU:O;3.3
HB;A:48-LYS:O;A:51-GLY:N;3.9
AT;A:48-LYS:NZ;A:45-GLU:OE1;2.8
HB;A:48-LYS:NZ;A:45-GLU:OE1;2.8
SB;A:48-LYS:NZ;A:45-GLU:OE1;2.8
AT;A:48-LYS:NZ;A:45-GLU:OE2;3.7
HB;A:48-LYS:NZ;A:45-GLU:OE2;3.7
SB;A:48-LYS:NZ;A:45-GLU:OE2;3.7
HB;A:49-ALA:N;A:45-GLU:O;2.9
HB;A:49-ALA:N;A:46-LEU:O;3.1
HB;A:50-ILE:N;A:46-LEU:O;3.0
HB;A:50-ILE:N;A:47-ASP:O;3.6
HB;A:51-GLY:N;A:47-ASP:O;2.8
HB;A:51-GLY:N;A:48-LYS:O;3.9
HB;A:52-ARG:N;A:47-ASP:O;3.4
AT;A:52-ARG:NE;A:62-GLU:OE1;3.6
HB;A:52-ARG:NE;A:62-GLU:OE1;3.6
SB;A:52-ARG:NE;A:62-GLU:OE1;3.6
AT;A:52-ARG:NE;A:62-GLU:OE2;2.6
HB;A:52-ARG:NE;A:62-GLU:OE2;2.6
SB;A:52-ARG:NE;A:62-GLU:OE2;2.6
AT;A:52-ARG:CZ;A:62-GLU:OE1;3.8
AT;A:52-ARG:CZ;A:62-GLU:OE2;3.5
HB;A:52-ARG:NH1;A:53-ASN:O;2.9
HB;A:52-ARG:NH1;A:54-CYS:SG;3.6
AT;A:52-ARG:NH1;A:62-GLU:OE1;5.0
AT;A:52-ARG:NH1;A:62-GLU:OE2;4.8
HB;A:52-ARG:NH2;A:57-VAL:O;3.7
AT;A:52-ARG:NH2;A:62-GLU:OE1;3.2
HB;A:52-ARG:NH2;A:62-GLU:OE1;3.2
SB;A:52-ARG:NH2;A:62-GLU:OE1;3.2
AT;A:52-ARG:NH2;A:62-GLU:OE2;3.6
HB;A:52-ARG:NH2;A:62-GLU:OE2;3.6
SB;A:52-ARG:NH2;A:62-GLU:OE2;3.6
HB;A:53-ASN:ND2;A:47-ASP:OD2;3.8
HB;A:54-CYS:N;A:47-ASP:OD1;2.8
HB;A:54-CYS:N;A:47-ASP:OD2;3.7
HB;A:54-CYS:O;A:57-VAL:N;3.3
HB;A:54-CYS:SG;A:47-ASP:OD1;3.9
HB;A:54-CYS:SG;A:52-ARG:O;3.9
HB;A:54-CYS:SG;A:52-ARG:NH1;3.6
HB;A:56-GLY:O;A:17-ILE:N;3.2
HB;A:57-VAL:N;A:54-CYS:O;3.3
HB;A:57-VAL:O;A:52-ARG:NH2;3.7
HB;A:58-ILE:N;A:15-LEU:O;3.0
HB;A:59-THR:N;A:62-GLU:OE1;3.1
HB;A:59-THR:O;A:62-GLU:N;3.1
HB;A:59-THR:O;A:63-ALA:N;2.8
HB;A:59-THR:OG1;A:60-LYS:N;3.5
HB;A:59-THR:OG1;A:61-ASP:N;3.6
HB;A:59-THR:OG1;A:62-GLU:N;3.2
HB;A:59-THR:OG1;A:62-GLU:OE1;3.6
HB;A:60-LYS:O;A:63-ALA:N;3.0
HB;A:60-LYS:O;A:64-GLU:N;2.7
RE;A:60-LYS:NZ;A:8-ARG:CZ;6.0
RE;A:60-LYS:NZ;A:8-ARG:NH1;4.6
AT;A:60-LYS:NZ;A:64-GLU:OE1;5.8
AT;A:60-LYS:NZ;A:64-GLU:OE2;4.8
HB;A:61-ASP:O;A:64-GLU:N;3.5
HB;A:61-ASP:O;A:65-LYS:N;3.1
RE;A:61-ASP:OD1;A:64-GLU:OE1;5.8
AT;A:61-ASP:OD1;A:65-LYS:NZ;5.7
RE;A:61-ASP:OD2;A:64-GLU:OE1;4.9
HB;A:62-GLU:N;A:59-THR:O;3.1
HB;A:62-GLU:N;A:59-THR:OG1;3.2
HB;A:62-GLU:O;A:65-LYS:N;3.2
HB;A:62-GLU:O;A:66-LEU:N;3.1
AT;A:62-GLU:OE1;A:52-ARG:NE;3.6
HB;A:62-GLU:OE1;A:52-ARG:NE;3.6
SB;A:62-GLU:OE1;A:52-ARG:NE;3.6
AT;A:62-GLU:OE1;A:52-ARG:CZ;3.8
AT;A:62-GLU:OE1;A:52-ARG:NH1;5.0
AT;A:62-GLU:OE1;A:52-ARG:NH2;3.2
HB;A:62-GLU:OE1;A:52-ARG:NH2;3.2
SB;A:62-GLU:OE1;A:52-ARG:NH2;3.2
HB;A:62-GLU:OE1;A:59-THR:N;3.1
HB;A:62-GLU:OE1;A:59-THR:OG1;3.6
AT;A:62-GLU:OE2;A:52-ARG:NE;2.6
HB;A:62-GLU:OE2;A:52-ARG:NE;2.6
SB;A:62-GLU:OE2;A:52-ARG:NE;2.6
AT;A:62-GLU:OE2;A:52-ARG:CZ;3.5
AT;A:62-GLU:OE2;A:52-ARG:NH1;4.8
AT;A:62-GLU:OE2;A:52-ARG:NH2;3.6
HB;A:62-GLU:OE2;A:52-ARG:NH2;3.6
SB;A:62-GLU:OE2;A:52-ARG:NH2;3.6
HB;A:63-ALA:N;A:59-THR:O;2.8
HB;A:63-ALA:N;A:60-LYS:O;3.0
HB;A:63-ALA:O;A:66-LEU:N;3.4
HB;A:63-ALA:O;A:67-PHE:N;3.0
HB;A:64-GLU:N;A:60-LYS:O;2.7
HB;A:64-GLU:N;A:61-ASP:O;3.5
HB;A:64-GLU:O;A:67-PHE:N;3.2
HB;A:64-GLU:O;A:68-ASN:N;2.9
HB;A:64-GLU:O;A:68-ASN:ND2;3.9
AT;A:64-GLU:OE1;A:60-LYS:NZ;5.8
RE;A:64-GLU:OE1;A:61-ASP:OD1;5.8
RE;A:64-GLU:OE1;A:61-ASP:OD2;4.9
AT;A:64-GLU:OE2;A:8-ARG:NH1;5.8
AT;A:64-GLU:OE2;A:60-LYS:NZ;4.8
HB;A:65-LYS:N;A:61-ASP:O;3.1
HB;A:65-LYS:N;A:62-GLU:O;3.2
HB;A:65-LYS:O;A:68-ASN:N;3.3
HB;A:65-LYS:O;A:69-GLN:N;3.1
AT;A:65-LYS:NZ;A:61-ASP:OD1;5.7
HB;A:66-LEU:N;A:62-GLU:O;3.1
HB;A:66-LEU:N;A:63-ALA:O;3.4
HB;A:66-LEU:O;A:69-GLN:N;3.3
HB;A:66-LEU:O;A:70-ASP:N;2.9
HB;A:67-PHE:N;A:63-ALA:O;3.0
HB;A:67-PHE:N;A:64-GLU:O;3.2
HB;A:67-PHE:O;A:70-ASP:N;3.2
HB;A:67-PHE:O;A:71-VAL:N;3.1
AR;A:67-PHE:CD1;A:4-PHE:CD2;3.9
AR;A:67-PHE:CE1;A:4-PHE:CD2;3.8
AR;A:67-PHE:CE2;A:104-PHE:CE2;4.0
AR;A:67-PHE:CE2;A:104-PHE:CZ;4.0
HB;A:68-ASN:N;A:64-GLU:O;2.9
HB;A:68-ASN:N;A:65-LYS:O;3.3
HB;A:68-ASN:O;A:71-VAL:N;3.6
HB;A:68-ASN:O;A:72-ASP:N;3.1
HB;A:68-ASN:ND2;A:64-GLU:O;3.9
HB;A:69-GLN:N;A:65-LYS:O;3.1
HB;A:69-GLN:N;A:66-LEU:O;3.3
HB;A:69-GLN:O;A:72-ASP:N;3.5
HB;A:69-GLN:O;A:73-ALA:N;2.9
HB;A:70-ASP:N;A:66-LEU:O;2.9
HB;A:70-ASP:N;A:67-PHE:O;3.2
HB;A:70-ASP:O;A:73-ALA:N;3.4
HB;A:70-ASP:O;A:74-ALA:N;2.9
AT;A:70-ASP:OD1;A:31-HIS:ND1;3.4
HB;A:70-ASP:OD1;A:31-HIS:ND1;3.4
SB;A:70-ASP:OD1;A:31-HIS:ND1;3.4
AT;A:70-ASP:OD1;A:31-HIS:NE2;4.9
AT;A:70-ASP:OD2;A:31-HIS:ND1;2.7
HB;A:70-ASP:OD2;A:31-HIS:ND1;2.7
SB;A:70-ASP:OD2;A:31-HIS:ND1;2.7
AT;A:70-ASP:OD2;A:31-HIS:NE2;4.8
HB;A:71-VAL:N;A:67-PHE:O;3.1
HB;A:71-VAL:N;A:68-ASN:O;3.6
HB;A:71-VAL:O;A:74-ALA:N;3.0
HB;A:71-VAL:O;A:75-VAL:N;2.9
HB;A:72-ASP:N;A:68-ASN:O;3.1
HB;A:72-ASP:N;A:69-GLN:O;3.5
HB;A:72-ASP:O;A:75-VAL:N;3.4
HB;A:72-ASP:O;A:76-ARG:N;3.1
HB;A:72-ASP:O;A:76-ARG:NE;3.4
AT;A:72-ASP:OD1;A:76-ARG:NE;2.9
HB;A:72-ASP:OD1;A:76-ARG:NE;2.9
SB;A:72-ASP:OD1;A:76-ARG:NE;2.9
AT;A:72-ASP:OD1;A:76-ARG:CZ;2.8
AT;A:72-ASP:OD1;A:76-ARG:NH1;3.4
HB;A:72-ASP:OD1;A:76-ARG:NH1;3.4
SB;A:72-ASP:OD1;A:76-ARG:NH1;3.4
AT;A:72-ASP:OD1;A:76-ARG:NH2;2.9
HB;A:72-ASP:OD1;A:76-ARG:NH2;2.9
SB;A:72-ASP:OD1;A:76-ARG:NH2;2.9
AT;A:72-ASP:OD2;A:76-ARG:NE;4.2
AT;A:72-ASP:OD2;A:76-ARG:CZ;4.7
AT;A:72-ASP:OD2;A:76-ARG:NH1;5.3
AT;A:72-ASP:OD2;A:76-ARG:NH2;5.0
HB;A:73-ALA:N;A:69-GLN:O;2.9
HB;A:73-ALA:N;A:70-ASP:O;3.4
HB;A:73-ALA:O;A:76-ARG:N;3.5
HB;A:73-ALA:O;A:77-GLY:N;2.9
HB;A:74-ALA:N;A:70-ASP:O;2.9
HB;A:74-ALA:N;A:71-VAL:O;3.0
HB;A:74-ALA:O;A:77-GLY:N;3.2
HB;A:74-ALA:O;A:78-ILE:N;3.1
HB;A:75-VAL:N;A:71-VAL:O;2.9
HB;A:75-VAL:N;A:72-ASP:O;3.4
HB;A:75-VAL:O;A:78-ILE:N;3.2
HB;A:75-VAL:O;A:79-LEU:N;3.0
HB;A:76-ARG:N;A:72-ASP:O;3.1
HB;A:76-ARG:N;A:73-ALA:O;3.5
HB;A:76-ARG:O;A:79-LEU:N;3.4
HB;A:76-ARG:O;A:80-ARG:N;3.1
HB;A:76-ARG:O;A:80-ARG:NE;3.7
HB;A:76-ARG:NE;A:72-ASP:O;3.4
AT;A:76-ARG:NE;A:72-ASP:OD1;2.9
HB;A:76-ARG:NE;A:72-ASP:OD1;2.9
SB;A:76-ARG:NE;A:72-ASP:OD1;2.9
AT;A:76-ARG:NE;A:72-ASP:OD2;4.2
AT;A:76-ARG:CZ;A:72-ASP:OD1;2.8
AT;A:76-ARG:CZ;A:72-ASP:OD2;4.7
AT;A:76-ARG:NH1;A:72-ASP:OD1;3.4
HB;A:76-ARG:NH1;A:72-ASP:OD1;3.4
SB;A:76-ARG:NH1;A:72-ASP:OD1;3.4
AT;A:76-ARG:NH1;A:72-ASP:OD2;5.3
AT;A:76-ARG:NH2;A:72-ASP:OD1;2.9
HB;A:76-ARG:NH2;A:72-ASP:OD1;2.9
SB;A:76-ARG:NH2;A:72-ASP:OD1;2.9
AT;A:76-ARG:NH2;A:72-ASP:OD2;5.0
HB;A:77-GLY:N;A:73-ALA:O;2.9
HB;A:77-GLY:N;A:74-ALA:O;3.2
HB;A:77-GLY:O;A:80-ARG:N;3.3
HB;A:77-GLY:O;A:81-ASN:N;3.1
HB;A:78-ILE:N;A:74-ALA:O;3.1
HB;A:78-ILE:N;A:75-VAL:O;3.2
HB;A:78-ILE:O;A:81-ASN:N;3.1
HB;A:78-ILE:O;A:85-LYS:N;3.3
HB;A:79-LEU:N;A:75-VAL:O;3.0
HB;A:79-LEU:N;A:76-ARG:O;3.4
HB;A:80-ARG:N;A:76-ARG:O;3.1
HB;A:80-ARG:N;A:77-GLY:O;3.3
HB;A:80-ARG:NE;A:76-ARG:O;3.7
AT;A:80-ARG:NE;A:108-GLU:OE2;5.5
AT;A:80-ARG:CZ;A:108-GLU:OE2;4.4
AT;A:80-ARG:NH1;A:108-GLU:OE1;5.4
AT;A:80-ARG:NH1;A:108-GLU:OE2;3.6
HB;A:80-ARG:NH1;A:108-GLU:OE2;3.6
SB;A:80-ARG:NH1;A:108-GLU:OE2;3.6
AT;A:80-ARG:NH2;A:108-GLU:OE2;4.5
HB;A:81-ASN:N;A:77-GLY:O;3.1
HB;A:81-ASN:N;A:78-ILE:O;3.1
HB;A:81-ASN:O;A:84-LEU:N;3.2
HB;A:81-ASN:O;A:85-LYS:N;2.9
HB;A:81-ASN:OD1;A:82-ALA:N;3.1
HB;A:81-ASN:OD1;A:83-LYS:N;2.8
HB;A:81-ASN:OD1;A:84-LEU:N;3.1
HB;A:81-ASN:ND2;A:108-GLU:OE1;2.6
HB;A:84-LEU:N;A:81-ASN:O;3.2
HB;A:84-LEU:N;A:81-ASN:OD1;3.1
HB;A:84-LEU:O;A:87-VAL:N;3.1
HB;A:84-LEU:O;A:88-TYR:N;3.0
HB;A:85-LYS:N;A:78-ILE:O;3.3
HB;A:85-LYS:N;A:81-ASN:O;2.9
HB;A:85-LYS:O;A:88-TYR:N;3.3
HB;A:85-LYS:O;A:89-ASP:N;2.9
AT;A:85-LYS:NZ;A:89-ASP:OD1;2.5
HB;A:85-LYS:NZ;A:89-ASP:OD1;2.5
SB;A:85-LYS:NZ;A:89-ASP:OD1;2.5
AT;A:85-LYS:NZ;A:89-ASP:OD2;3.3
HB;A:85-LYS:NZ;A:89-ASP:OD2;3.3
SB;A:85-LYS:NZ;A:89-ASP:OD2;3.3
HB;A:86-PRO:O;A:89-ASP:N;3.5
HB;A:86-PRO:O;A:90-SER:N;3.2
HB;A:86-PRO:O;A:90-SER:OG;3.7
HB;A:87-VAL:N;A:84-LEU:O;3.1
HB;A:87-VAL:O;A:90-SER:N;3.0
HB;A:87-VAL:O;A:90-SER:OG;2.7
HB;A:87-VAL:O;A:91-LEU:N;3.3
HB;A:88-TYR:N;A:84-LEU:O;3.0
HB;A:88-TYR:N;A:85-LYS:O;3.3
HB;A:88-TYR:O;A:91-LEU:N;3.2
HB;A:88-TYR:O;A:96-ARG:NE;2.9
HB;A:88-TYR:O;A:96-ARG:NH2;3.4
HB;A:89-ASP:N;A:85-LYS:O;2.9
HB;A:89-ASP:N;A:86-PRO:O;3.5
HB;A:89-ASP:O;A:96-ARG:NH2;3.1
AT;A:89-ASP:OD1;A:85-LYS:NZ;2.5
HB;A:89-ASP:OD1;A:85-LYS:NZ;2.5
SB;A:89-ASP:OD1;A:85-LYS:NZ;2.5
AT;A:89-ASP:OD2;A:85-LYS:NZ;3.3
HB;A:89-ASP:OD2;A:85-LYS:NZ;3.3
SB;A:89-ASP:OD2;A:85-LYS:NZ;3.3
AT;A:89-ASP:OD2;A:96-ARG:NE;5.8
AT;A:89-ASP:OD2;A:96-ARG:CZ;5.5
AT;A:89-ASP:OD2;A:96-ARG:NH2;4.8
HB;A:90-SER:N;A:86-PRO:O;3.2
HB;A:90-SER:N;A:87-VAL:O;3.0
HB;A:90-SER:O;A:124-LYS:NZ;2.7
HB;A:90-SER:OG;A:86-PRO:O;3.7
HB;A:90-SER:OG;A:87-VAL:O;2.7
HB;A:90-SER:OG;A:91-LEU:N;3.2
HB;A:91-LEU:N;A:87-VAL:O;3.3
HB;A:91-LEU:N;A:88-TYR:O;3.2
HB;A:91-LEU:O;A:96-ARG:NE;3.0
HB;A:91-LEU:O;A:96-ARG:NH2;3.3
HB;A:92-ASP:O;A:95-ARG:N;3.4
HB;A:92-ASP:O;A:96-ARG:N;3.0
HB;A:92-ASP:OD1;A:93-ALA:N;3.6
HB;A:92-ASP:OD1;A:94-VAL:N;3.3
HB;A:92-ASP:OD1;A:95-ARG:N;3.1
AT;A:92-ASP:OD1;A:95-ARG:NE;4.9
AT;A:92-ASP:OD1;A:95-ARG:CZ;4.8
AT;A:92-ASP:OD1;A:95-ARG:NH1;3.9
HB;A:92-ASP:OD1;A:95-ARG:NH1;3.9
SB;A:92-ASP:OD1;A:95-ARG:NH1;3.9
AT;A:92-ASP:OD1;A:95-ARG:NH2;6.0
AT;A:92-ASP:OD2;A:95-ARG:NE;4.0
AT;A:92-ASP:OD2;A:95-ARG:CZ;3.8
AT;A:92-ASP:OD2;A:95-ARG:NH1;2.8
HB;A:92-ASP:OD2;A:95-ARG:NH1;2.8
SB;A:92-ASP:OD2;A:95-ARG:NH1;2.8
AT;A:92-ASP:OD2;A:95-ARG:NH2;5.0
AT;A:92-ASP:OD2;A:124-LYS:NZ;5.2
HB;A:93-ALA:O;A:96-ARG:N;3.4
HB;A:93-ALA:O;A:97-CYS:N;3.3
HB;A:93-ALA:O;A:97-CYS:SG;3.7
HB;A:94-VAL:O;A:97-CYS:N;2.9
HB;A:94-VAL:O;A:98-ALA:N;3.4
HB;A:95-ARG:N;A:92-ASP:O;3.4
HB;A:95-ARG:N;A:92-ASP:OD1;3.1
HB;A:95-ARG:O;A:98-ALA:N;3.0
HB;A:95-ARG:O;A:99-LEU:N;3.2
AT;A:95-ARG:NE;A:92-ASP:OD1;4.9
AT;A:95-ARG:NE;A:92-ASP:OD2;4.0
HB;A:95-ARG:NE;A:153-PHE:O;2.7
AT;A:95-ARG:CZ;A:92-ASP:OD1;4.8
AT;A:95-ARG:CZ;A:92-ASP:OD2;3.8
AT;A:95-ARG:NH1;A:92-ASP:OD1;3.9
HB;A:95-ARG:NH1;A:92-ASP:OD1;3.9
SB;A:95-ARG:NH1;A:92-ASP:OD1;3.9
AT;A:95-ARG:NH1;A:92-ASP:OD2;2.8
HB;A:95-ARG:NH1;A:92-ASP:OD2;2.8
SB;A:95-ARG:NH1;A:92-ASP:OD2;2.8
AT;A:95-ARG:NH2;A:92-ASP:OD1;6.0
AT;A:95-ARG:NH2;A:92-ASP:OD2;5.0
HB;A:95-ARG:NH2;A:153-PHE:O;3.5
HB;A:95-ARG:NH2;A:154-ARG:O;3.3
HB;A:95-ARG:NH2;A:155-THR:O;3.6
HB;A:96-ARG:N;A:92-ASP:O;3.0
HB;A:96-ARG:N;A:93-ALA:O;3.4
HB;A:96-ARG:O;A:99-LEU:N;3.3
HB;A:96-ARG:O;A:100-ILE:N;3.1
HB;A:96-ARG:NE;A:88-TYR:O;2.9
AT;A:96-ARG:NE;A:89-ASP:OD2;5.8
HB;A:96-ARG:NE;A:91-LEU:O;3.0
AT;A:96-ARG:CZ;A:89-ASP:OD2;5.5
HB;A:96-ARG:NH2;A:88-TYR:O;3.4
HB;A:96-ARG:NH2;A:89-ASP:O;3.1
AT;A:96-ARG:NH2;A:89-ASP:OD2;4.8
HB;A:96-ARG:NH2;A:91-LEU:O;3.3
HB;A:97-CYS:N;A:93-ALA:O;3.3
HB;A:97-CYS:N;A:94-VAL:O;2.9
HB;A:97-CYS:O;A:100-ILE:N;3.3
HB;A:97-CYS:O;A:101-ASN:N;3.0
HB;A:97-CYS:SG;A:93-ALA:O;3.7
HB;A:98-ALA:N;A:94-VAL:O;3.4
HB;A:98-ALA:N;A:95-ARG:O;3.0
HB;A:98-ALA:O;A:101-ASN:N;3.4
HB;A:98-ALA:O;A:102-MET:N;3.2
HB;A:99-LEU:N;A:95-ARG:O;3.2
HB;A:99-LEU:N;A:96-ARG:O;3.3
HB;A:99-LEU:O;A:102-MET:N;3.3
HB;A:99-LEU:O;A:103-VAL:N;3.1
HB;A:100-ILE:N;A:96-ARG:O;3.1
HB;A:100-ILE:N;A:97-CYS:O;3.3
HB;A:100-ILE:O;A:103-VAL:N;3.2
HB;A:100-ILE:O;A:104-PHE:N;2.8
HB;A:101-ASN:N;A:97-CYS:O;3.0
HB;A:101-ASN:N;A:98-ALA:O;3.4
HB;A:101-ASN:O;A:104-PHE:N;3.3
HB;A:101-ASN:O;A:105-GLN:N;3.0
HB;A:101-ASN:O;A:145-ARG:NH2;3.9
HB;A:101-ASN:OD1;A:161-TYR:OH;3.5
HB;A:101-ASN:ND2;A:10-ASP:OD2;3.9
HB;A:102-MET:N;A:98-ALA:O;3.2
HB;A:102-MET:N;A:99-LEU:O;3.3
HB;A:102-MET:O;A:105-GLN:N;3.3
HB;A:102-MET:O;A:106-MET:N;2.8
HB;A:103-VAL:N;A:99-LEU:O;3.1
HB;A:103-VAL:N;A:100-ILE:O;3.2
HB;A:103-VAL:O;A:106-MET:N;3.6
HB;A:103-VAL:O;A:107-GLY:N;2.7
HB;A:104-PHE:N;A:100-ILE:O;2.8
HB;A:104-PHE:N;A:101-ASN:O;3.3
AR;A:104-PHE:CE2;A:67-PHE:CE2;4.0
AR;A:104-PHE:CZ;A:67-PHE:CE2;4.0
HB;A:105-GLN:N;A:101-ASN:O;3.0
HB;A:105-GLN:N;A:102-MET:O;3.3
HB;A:105-GLN:OE1;A:138-TRP:NE1;2.8
HB;A:105-GLN:OE1;A:145-ARG:NE;3.5
HB;A:105-GLN:NE2;A:142-THR:OG1;3.4
HB;A:106-MET:N;A:102-MET:O;2.8
HB;A:106-MET:N;A:103-VAL:O;3.6
HB;A:107-GLY:N;A:103-VAL:O;2.7
HB;A:107-GLY:O;A:110-GLY:N;3.1
HB;A:107-GLY:O;A:111-VAL:N;3.2
HB;A:108-GLU:O;A:111-VAL:N;3.5
HB;A:108-GLU:O;A:112-ALA:N;2.8
AT;A:108-GLU:OE1;A:80-ARG:NH1;5.4
HB;A:108-GLU:OE1;A:81-ASN:ND2;2.6
AT;A:108-GLU:OE2;A:80-ARG:NE;5.5
AT;A:108-GLU:OE2;A:80-ARG:CZ;4.4
AT;A:108-GLU:OE2;A:80-ARG:NH1;3.6
HB;A:108-GLU:OE2;A:80-ARG:NH1;3.6
SB;A:108-GLU:OE2;A:80-ARG:NH1;3.6
AT;A:108-GLU:OE2;A:80-ARG:NH2;4.5
HB;A:109-THR:O;A:112-ALA:N;3.2
HB;A:109-THR:O;A:113-GLY:N;3.2
HB;A:110-GLY:N;A:107-GLY:O;3.1
HB;A:110-GLY:O;A:113-GLY:N;3.2
HB;A:111-VAL:N;A:107-GLY:O;3.2
HB;A:111-VAL:N;A:108-GLU:O;3.5
HB;A:111-VAL:O;A:114-PHE:N;2.8
HB;A:112-ALA:N;A:108-GLU:O;2.8
HB;A:112-ALA:N;A:109-THR:O;3.2
HB;A:113-GLY:N;A:109-THR:O;3.2
HB;A:113-GLY:N;A:110-GLY:O;3.2
HB;A:114-PHE:N;A:111-VAL:O;2.8
HB;A:114-PHE:O;A:117-SER:N;3.1
HB;A:114-PHE:O;A:118-LEU:N;3.0
HB;A:115-THR:O;A:118-LEU:N;3.4
HB;A:115-THR:O;A:119-ARG:N;3.2
HB;A:115-THR:OG1;A:113-GLY:O;3.8
HB;A:116-ASN:O;A:119-ARG:N;3.5
HB;A:116-ASN:O;A:119-ARG:NH1;3.0
HB;A:116-ASN:O;A:120-MET:N;3.1
HB;A:116-ASN:OD1;A:119-ARG:NH2;3.8
HB;A:117-SER:N;A:114-PHE:O;3.1
HB;A:117-SER:N;A:132-ASN:OD1;3.4
HB;A:117-SER:O;A:120-MET:N;3.3
HB;A:117-SER:O;A:121-LEU:N;2.9
HB;A:117-SER:OG;A:132-ASN:OD1;2.6
HB;A:117-SER:OG;A:133-LEU:N;3.8
HB;A:118-LEU:N;A:114-PHE:O;3.0
HB;A:118-LEU:N;A:115-THR:O;3.4
HB;A:118-LEU:O;A:121-LEU:N;3.2
HB;A:118-LEU:O;A:122-GLN:N;2.9
HB;A:119-ARG:N;A:115-THR:O;3.2
HB;A:119-ARG:N;A:116-ASN:O;3.5
HB;A:119-ARG:O;A:122-GLN:N;3.2
HB;A:119-ARG:O;A:123-GLN:N;3.1
HB;A:119-ARG:NH1;A:116-ASN:O;3.0
HB;A:119-ARG:NH2;A:116-ASN:OD1;3.8
HB;A:120-MET:N;A:116-ASN:O;3.1
HB;A:120-MET:N;A:117-SER:O;3.3
HB;A:120-MET:O;A:123-GLN:N;3.3
HB;A:120-MET:O;A:124-LYS:N;3.1
HB;A:120-MET:O;A:125-ARG:N;3.0
HB;A:120-MET:SD;A:129-ALA:N;3.8
HB;A:121-LEU:N;A:117-SER:O;2.9
HB;A:121-LEU:N;A:118-LEU:O;3.2
HB;A:121-LEU:O;A:124-LYS:N;3.0
HB;A:122-GLN:N;A:118-LEU:O;2.9
HB;A:122-GLN:N;A:119-ARG:O;3.2
HB;A:123-GLN:N;A:119-ARG:O;3.1
HB;A:123-GLN:N;A:120-MET:O;3.3
HB;A:124-LYS:N;A:120-MET:O;3.1
HB;A:124-LYS:N;A:121-LEU:O;3.0
HB;A:124-LYS:NZ;A:90-SER:O;2.7
AT;A:124-LYS:NZ;A:92-ASP:OD2;5.2
HB;A:125-ARG:N;A:120-MET:O;3.0
HB;A:125-ARG:O;A:128-GLU:N;3.2
HB;A:125-ARG:O;A:129-ALA:N;2.8
AT;A:125-ARG:NE;A:128-GLU:OE2;5.2
AT;A:125-ARG:CZ;A:128-GLU:OE2;5.2
AT;A:125-ARG:NH1;A:128-GLU:OE2;4.6
HB;A:126-TRP:O;A:129-ALA:N;3.5
HB;A:126-TRP:O;A:130-ALA:N;3.2
HB;A:126-TRP:NE1;A:124-LYS:O;3.6
HB;A:127-ASP:O;A:130-ALA:N;3.4
HB;A:127-ASP:O;A:131-VAL:N;3.3
RE;A:127-ASP:OD1;A:128-GLU:OE1;5.5
AT;A:127-ASP:OD1;A:154-ARG:NE;5.2
AT;A:127-ASP:OD2;A:154-ARG:NE;4.0
AT;A:127-ASP:OD2;A:154-ARG:CZ;5.0
AT;A:127-ASP:OD2;A:154-ARG:NH1;5.2
HB;A:128-GLU:N;A:125-ARG:O;3.2
HB;A:128-GLU:O;A:131-VAL:N;3.5
HB;A:128-GLU:O;A:132-ASN:N;3.2
HB;A:128-GLU:OE1;A:127-ASP:N;3.5
RE;A:128-GLU:OE1;A:127-ASP:OD1;5.5
AT;A:128-GLU:OE2;A:125-ARG:NE;5.2
AT;A:128-GLU:OE2;A:125-ARG:CZ;5.2
AT;A:128-GLU:OE2;A:125-ARG:NH1;4.6
HB;A:129-ALA:N;A:120-MET:SD;3.8
HB;A:129-ALA:N;A:125-ARG:O;2.8
HB;A:129-ALA:N;A:126-TRP:O;3.5
HB;A:129-ALA:O;A:132-ASN:N;3.3
HB;A:129-ALA:O;A:133-LEU:N;2.8
HB;A:130-ALA:N;A:126-TRP:O;3.2
HB;A:130-ALA:N;A:127-ASP:O;3.4
HB;A:130-ALA:O;A:133-LEU:N;3.7
HB;A:130-ALA:O;A:134-ALA:N;3.5
HB;A:131-VAL:N;A:127-ASP:O;3.3
HB;A:131-VAL:N;A:128-GLU:O;3.5
HB;A:131-VAL:O;A:134-ALA:N;3.3
HB;A:131-VAL:O;A:135-LYS:N;3.6
HB;A:132-ASN:N;A:128-GLU:O;3.2
HB;A:132-ASN:N;A:129-ALA:O;3.3
HB;A:132-ASN:O;A:135-LYS:N;3.2
HB;A:132-ASN:OD1;A:117-SER:N;3.4
HB;A:132-ASN:OD1;A:117-SER:OG;2.6
HB;A:132-ASN:OD1;A:133-LEU:N;3.9
HB;A:133-LEU:N;A:117-SER:OG;3.8
HB;A:133-LEU:N;A:129-ALA:O;2.8
HB;A:133-LEU:N;A:130-ALA:O;3.7
HB;A:133-LEU:O;A:136-SER:OG;2.7
HB;A:134-ALA:N;A:130-ALA:O;3.5
HB;A:134-ALA:N;A:131-VAL:O;3.3
HB;A:135-LYS:N;A:131-VAL:O;3.6
HB;A:135-LYS:N;A:132-ASN:O;3.2
HB;A:136-SER:O;A:139-TYR:N;3.2
HB;A:136-SER:O;A:140-ASN:N;3.1
HB;A:136-SER:OG;A:133-LEU:O;2.7
HB;A:136-SER:OG;A:137-ARG:N;3.9
HB;A:136-SER:OG;A:138-TRP:N;3.7
HB;A:136-SER:OG;A:139-TYR:N;3.1
HB;A:137-ARG:O;A:140-ASN:N;3.0
HB;A:137-ARG:O;A:141-GLN:N;2.7
AT;A:137-ARG:NE;A:22-GLU:OE1;4.6
AT;A:137-ARG:NE;A:22-GLU:OE2;5.0
AT;A:137-ARG:CZ;A:22-GLU:OE1;3.5
AT;A:137-ARG:CZ;A:22-GLU:OE2;3.7
AT;A:137-ARG:NH1;A:22-GLU:OE1;3.1
HB;A:137-ARG:NH1;A:22-GLU:OE1;3.1
SB;A:137-ARG:NH1;A:22-GLU:OE1;3.1
AT;A:137-ARG:NH1;A:22-GLU:OE2;2.8
HB;A:137-ARG:NH1;A:22-GLU:OE2;2.8
SB;A:137-ARG:NH1;A:22-GLU:OE2;2.8
AT;A:137-ARG:NH2;A:22-GLU:OE1;3.4
HB;A:137-ARG:NH2;A:22-GLU:OE1;3.4
SB;A:137-ARG:NH2;A:22-GLU:OE1;3.4
AT;A:137-ARG:NH2;A:22-GLU:OE2;3.8
HB;A:137-ARG:NH2;A:22-GLU:OE2;3.8
SB;A:137-ARG:NH2;A:22-GLU:OE2;3.8
HB;A:138-TRP:O;A:141-GLN:N;3.5
HB;A:138-TRP:O;A:142-THR:N;3.0
HB;A:138-TRP:O;A:142-THR:OG1;3.1
HB;A:138-TRP:NE1;A:105-GLN:OE1;2.8
HB;A:139-TYR:N;A:136-SER:O;3.2
HB;A:139-TYR:N;A:136-SER:OG;3.1
HB;A:139-TYR:O;A:142-THR:N;3.7
HB;A:139-TYR:OH;A:147-LYS:NZ;3.4
HB;A:140-ASN:N;A:136-SER:O;3.1
HB;A:140-ASN:N;A:137-ARG:O;3.0
HB;A:141-GLN:N;A:137-ARG:O;2.7
HB;A:141-GLN:N;A:138-TRP:O;3.5
HB;A:142-THR:N;A:138-TRP:O;3.0
HB;A:142-THR:N;A:139-TYR:O;3.7
HB;A:142-THR:O;A:145-ARG:N;3.7
HB;A:142-THR:O;A:146-ALA:N;2.9
HB;A:142-THR:OG1;A:105-GLN:NE2;3.4
HB;A:142-THR:OG1;A:138-TRP:O;3.1
HB;A:143-PRO:O;A:146-ALA:N;3.4
HB;A:143-PRO:O;A:147-LYS:N;2.8
HB;A:144-ASN:O;A:147-LYS:N;3.6
HB;A:144-ASN:O;A:148-ARG:N;3.2
HB;A:144-ASN:O;A:148-ARG:NH2;3.6
HB;A:145-ARG:N;A:142-THR:O;3.7
HB;A:145-ARG:O;A:148-ARG:N;3.0
HB;A:145-ARG:O;A:149-VAL:N;3.0
AT;A:145-ARG:NE;A:10-ASP:OD1;4.6
AT;A:145-ARG:NE;A:10-ASP:OD2;3.9
HB;A:145-ARG:NE;A:10-ASP:OD2;3.9
SB;A:145-ARG:NE;A:10-ASP:OD2;3.9
AT;A:145-ARG:NE;A:11-GLU:OE1;4.8
HB;A:145-ARG:NE;A:105-GLN:OE1;3.5
RE;A:145-ARG:NE;A:148-ARG:NH1;6.0
AT;A:145-ARG:CZ;A:10-ASP:OD1;5.3
AT;A:145-ARG:CZ;A:10-ASP:OD2;4.4
AT;A:145-ARG:CZ;A:11-GLU:OE1;3.4
AT;A:145-ARG:CZ;A:11-GLU:OE2;4.9
HB;A:145-ARG:NH1;A:10-ASP:O;3.8
AT;A:145-ARG:NH1;A:10-ASP:OD1;5.8
AT;A:145-ARG:NH1;A:10-ASP:OD2;5.4
AT;A:145-ARG:NH1;A:11-GLU:OE1;2.9
HB;A:145-ARG:NH1;A:11-GLU:OE1;2.9
SB;A:145-ARG:NH1;A:11-GLU:OE1;2.9
AT;A:145-ARG:NH1;A:11-GLU:OE2;4.0
AT;A:145-ARG:NH2;A:10-ASP:OD1;5.8
AT;A:145-ARG:NH2;A:10-ASP:OD2;4.6
AT;A:145-ARG:NH2;A:11-GLU:OE1;3.1
HB;A:145-ARG:NH2;A:11-GLU:OE1;3.1
SB;A:145-ARG:NH2;A:11-GLU:OE1;3.1
AT;A:145-ARG:NH2;A:11-GLU:OE2;5.0
HB;A:145-ARG:NH2;A:101-ASN:O;3.9
HB;A:146-ALA:N;A:142-THR:O;2.9
HB;A:146-ALA:N;A:143-PRO:O;3.4
HB;A:146-ALA:O;A:149-VAL:N;3.2
HB;A:146-ALA:O;A:150-ILE:N;2.7
HB;A:147-LYS:N;A:143-PRO:O;2.8
HB;A:147-LYS:N;A:144-ASN:O;3.6
HB;A:147-LYS:O;A:150-ILE:N;3.6
HB;A:147-LYS:O;A:151-THR:N;3.0
HB;A:147-LYS:O;A:151-THR:OG1;3.0
HB;A:147-LYS:NZ;A:139-TYR:OH;3.4
HB;A:148-ARG:N;A:144-ASN:O;3.2
HB;A:148-ARG:N;A:145-ARG:O;3.0
HB;A:148-ARG:O;A:151-THR:N;3.5
HB;A:148-ARG:O;A:152-THR:N;3.1
HB;A:148-ARG:O;A:152-THR:OG1;2.7
AT;A:148-ARG:NE;A:10-ASP:OD1;2.8
HB;A:148-ARG:NE;A:10-ASP:OD1;2.8
SB;A:148-ARG:NE;A:10-ASP:OD1;2.8
AT;A:148-ARG:NE;A:10-ASP:OD2;4.6
AT;A:148-ARG:CZ;A:10-ASP:OD1;3.2
AT;A:148-ARG:CZ;A:10-ASP:OD2;5.3
AT;A:148-ARG:NH1;A:10-ASP:OD1;2.9
HB;A:148-ARG:NH1;A:10-ASP:OD1;2.9
SB;A:148-ARG:NH1;A:10-ASP:OD1;2.9
AT;A:148-ARG:NH1;A:10-ASP:OD2;5.0
RE;A:148-ARG:NH1;A:145-ARG:NE;6.0
AT;A:148-ARG:NH2;A:10-ASP:OD1;4.5
HB;A:148-ARG:NH2;A:144-ASN:O;3.6
HB;A:149-VAL:N;A:145-ARG:O;3.0
HB;A:149-VAL:N;A:146-ALA:O;3.2
HB;A:149-VAL:O;A:152-THR:N;3.1
HB;A:149-VAL:O;A:153-PHE:N;3.1
HB;A:150-ILE:N;A:146-ALA:O;2.7
HB;A:150-ILE:N;A:147-LYS:O;3.6
HB;A:150-ILE:O;A:153-PHE:N;3.2
HB;A:150-ILE:O;A:154-ARG:N;2.9
HB;A:151-THR:N;A:147-LYS:O;3.0
HB;A:151-THR:N;A:148-ARG:O;3.5
HB;A:151-THR:O;A:154-ARG:N;3.3
HB;A:151-THR:O;A:155-THR:N;2.9
HB;A:151-THR:O;A:155-THR:OG1;2.9
HB;A:151-THR:OG1;A:147-LYS:O;3.0
HB;A:151-THR:OG1;A:154-ARG:NH2;3.7
HB;A:152-THR:N;A:148-ARG:O;3.1
HB;A:152-THR:N;A:149-VAL:O;3.1
HB;A:152-THR:O;A:155-THR:N;3.7
HB;A:152-THR:O;A:156-GLY:N;2.8
HB;A:152-THR:OG1;A:148-ARG:O;2.7
HB;A:153-PHE:N;A:149-VAL:O;3.1
HB;A:153-PHE:N;A:150-ILE:O;3.2
HB;A:153-PHE:O;A:95-ARG:NE;2.7
HB;A:153-PHE:O;A:95-ARG:NH2;3.5
HB;A:154-ARG:N;A:150-ILE:O;2.9
HB;A:154-ARG:N;A:151-THR:O;3.3
HB;A:154-ARG:O;A:95-ARG:NH2;3.3
AT;A:154-ARG:NE;A:127-ASP:OD1;5.2
AT;A:154-ARG:NE;A:127-ASP:OD2;4.0
AT;A:154-ARG:CZ;A:127-ASP:OD2;5.0
AT;A:154-ARG:NH1;A:127-ASP:OD2;5.2
HB;A:154-ARG:NH2;A:151-THR:OG1;3.7
HB;A:155-THR:N;A:151-THR:O;2.9
HB;A:155-THR:N;A:152-THR:O;3.7
HB;A:155-THR:O;A:95-ARG:NH2;3.6
HB;A:155-THR:OG1;A:151-THR:O;2.9
HB;A:155-THR:OG1;A:156-GLY:N;3.0
HB;A:155-THR:OG1;A:157-THR:N;3.1
HB;A:155-THR:OG1;A:157-THR:O;3.7
HB;A:155-THR:OG1;A:157-THR:OG1;2.8
HB;A:156-GLY:N;A:152-THR:O;2.8
HB;A:157-THR:OG1;A:155-THR:OG1;2.8
HB;A:157-THR:OG1;A:158-TRP:N;3.3
HB;A:157-THR:OG1;A:159-ASP:N;3.4
HB;A:157-THR:OG1;A:159-ASP:OD1;3.3
HB;A:157-THR:OG1;A:159-ASP:OD2;3.8
HB;A:158-TRP:O;A:161-TYR:N;3.1
HB;A:158-TRP:O;A:162-LYS:N;3.4
HB;A:158-TRP:NE1;A:1-MET:O;3.7
HB;A:159-ASP:O;A:162-LYS:N;3.3
HB;A:159-ASP:O;A:163-ASN:ND2;3.1
HB;A:159-ASP:OD1;A:157-THR:OG1;3.3
HB;A:159-ASP:OD2;A:157-THR:OG1;3.8
AT;A:159-ASP:OD2;A:162-LYS:NZ;4.9
HB;A:161-TYR:N;A:158-TRP:O;3.1
HB;A:161-TYR:O;A:164-LEU:N;3.5
HB;A:161-TYR:OH;A:10-ASP:OD1;3.6
HB;A:161-TYR:OH;A:10-ASP:OD2;2.6
HB;A:161-TYR:OH;A:101-ASN:OD1;3.5
HB;A:162-LYS:N;A:158-TRP:O;3.4
HB;A:162-LYS:N;A:159-ASP:O;3.3
AT;A:162-LYS:NZ;A:159-ASP:OD2;4.9
HB;A:163-ASN:ND2;A:159-ASP:O;3.1
HB;A:164-LEU:N;A:161-TYR:O;3.5