CONTACT;RES1:ATOM;RES2:ATOM;DIST
HY;A:2-THR:CG2;A:6-THR:CG2;4.3
HY;A:2-THR:CG2;A:7-ILE:CG1;3.9
HY;A:2-THR:CG2;A:7-ILE:CD1;4.3
HB;A:3-SER:O;A:6-THR:N;2.8
HB;A:3-SER:O;A:6-THR:OG1;3.8
HB;A:3-SER:O;A:7-ILE:N;3.5
HB;A:4-VAL:O;A:7-ILE:N;3.6
HB;A:4-VAL:O;A:8-GLU:N;3.1
HY;A:4-VAL:CG1;A:8-GLU:CG;4.5
HB;A:5-ILE:O;A:8-GLU:N;3.6
HB;A:5-ILE:O;A:9-LEU:N;3.0
HY;A:5-ILE:CG2;A:9-LEU:CG;4.5
HY;A:5-ILE:CG2;A:9-LEU:CD1;3.9
HB;A:6-THR:N;A:3-SER:O;2.8
HB;A:6-THR:O;A:9-LEU:N;3.6
HB;A:6-THR:O;A:10-SER:N;3.1
HB;A:6-THR:O;A:10-SER:OG;2.9
HY;A:6-THR:CG2;A:2-THR:CG2;4.3
HB;A:6-THR:OG1;A:3-SER:O;3.8
HB;A:7-ILE:N;A:3-SER:O;3.5
HB;A:7-ILE:N;A:4-VAL:O;3.6
HB;A:7-ILE:O;A:10-SER:N;3.5
HB;A:7-ILE:O;A:11-ASN:N;3.0
HB;A:7-ILE:O;A:11-ASN:ND2;3.5
HY;A:7-ILE:CG1;A:2-THR:CG2;3.9
HY;A:7-ILE:CD1;A:2-THR:CG2;4.3
HB;A:8-GLU:N;A:4-VAL:O;3.1
HB;A:8-GLU:N;A:5-ILE:O;3.6
HB;A:8-GLU:O;A:11-ASN:N;3.5
HB;A:8-GLU:O;A:12-ILE:N;3.1
HY;A:8-GLU:CG;A:4-VAL:CG1;4.5
HB;A:9-LEU:N;A:5-ILE:O;3.0
HB;A:9-LEU:N;A:6-THR:O;3.6
HB;A:9-LEU:O;A:12-ILE:N;3.4
HB;A:9-LEU:O;A:13-LYS:N;2.9
HY;A:9-LEU:CG;A:5-ILE:CG2;4.5
HY;A:9-LEU:CD1;A:5-ILE:CG2;3.9
HB;A:10-SER:N;A:6-THR:O;3.1
HB;A:10-SER:N;A:7-ILE:O;3.5
HB;A:10-SER:O;A:13-LYS:N;3.4
HB;A:10-SER:O;A:14-GLU:N;2.9
HB;A:10-SER:OG;A:6-THR:O;2.9
HB;A:11-ASN:N;A:7-ILE:O;3.0
HB;A:11-ASN:N;A:8-GLU:O;3.5
HB;A:11-ASN:O;A:14-GLU:N;3.6
HB;A:11-ASN:O;A:15-ASN:N;2.9
HB;A:11-ASN:ND2;A:7-ILE:O;3.5
HB;A:12-ILE:N;A:8-GLU:O;3.1
HB;A:12-ILE:N;A:9-LEU:O;3.4
HB;A:12-ILE:O;A:15-ASN:N;3.6
HB;A:12-ILE:O;A:16-LYS:N;3.4
HY;A:12-ILE:CG2;A:16-LYS:CD;3.8
HB;A:13-LYS:N;A:9-LEU:O;2.9
HB;A:13-LYS:N;A:10-SER:O;3.4
HB;A:14-GLU:N;A:10-SER:O;2.9
HB;A:14-GLU:N;A:11-ASN:O;3.6
HB;A:15-ASN:N;A:11-ASN:O;2.9
HB;A:15-ASN:N;A:12-ILE:O;3.6
HB;A:16-LYS:N;A:12-ILE:O;3.4
HY;A:16-LYS:CD;A:12-ILE:CG2;3.8
HY;A:18-ASN:CB;A:20-ALA:CB;4.4
HB;A:18-ASN:O;A:21-LYS:N;2.7
HB;A:18-ASN:O;A:22-VAL:N;3.8
HB;A:19-GLY:O;A:22-VAL:N;3.8
HB;A:19-GLY:O;A:23-LYS:N;3.0
HY;A:20-ALA:CB;A:18-ASN:CB;4.4
HB;A:20-ALA:O;A:23-LYS:N;3.5
HB;A:20-ALA:O;A:24-LEU:N;3.0
HB;A:21-LYS:N;A:18-ASN:O;2.7
HB;A:21-LYS:O;A:24-LEU:N;3.4
HB;A:21-LYS:O;A:25-ILE:N;2.9
HB;A:22-VAL:N;A:18-ASN:O;3.8
HB;A:22-VAL:N;A:19-GLY:O;3.8
HB;A:22-VAL:O;A:25-ILE:N;3.4
HB;A:22-VAL:O;A:26-LYS:N;3.0
HY;A:22-VAL:CG1;A:26-LYS:CD;4.4
HB;A:23-LYS:N;A:19-GLY:O;3.0
HB;A:23-LYS:N;A:20-ALA:O;3.5
HB;A:23-LYS:O;A:26-LYS:N;3.5
HB;A:23-LYS:O;A:27-GLN:N;3.0
HB;A:24-LEU:N;A:20-ALA:O;3.0
HB;A:24-LEU:N;A:21-LYS:O;3.4
HB;A:24-LEU:O;A:27-GLN:N;3.4
HB;A:24-LEU:O;A:28-GLU:N;3.1
HB;A:25-ILE:N;A:21-LYS:O;2.9
HB;A:25-ILE:N;A:22-VAL:O;3.4
HB;A:25-ILE:O;A:28-GLU:N;3.4
HB;A:25-ILE:O;A:29-LEU:N;3.1
HY;A:25-ILE:CG2;A:29-LEU:CD1;4.1
HB;A:26-LYS:N;A:22-VAL:O;3.0
HB;A:26-LYS:N;A:23-LYS:O;3.5
HB;A:26-LYS:O;A:29-LEU:N;3.5
HB;A:26-LYS:O;A:30-ASP:N;3.1
HY;A:26-LYS:CD;A:22-VAL:CG1;4.4
HB;A:27-GLN:N;A:23-LYS:O;3.0
HB;A:27-GLN:N;A:24-LEU:O;3.4
HB;A:27-GLN:O;A:30-ASP:N;3.6
HB;A:27-GLN:O;A:31-LYS:N;3.5
HB;A:28-GLU:N;A:24-LEU:O;3.1
HB;A:28-GLU:N;A:25-ILE:O;3.4
HB;A:28-GLU:O;A:31-LYS:N;3.4
HB;A:28-GLU:O;A:32-TYR:N;3.9
AT;A:28-GLU:OE1;A:31-LYS:NZ;3.3
HB;A:28-GLU:OE1;A:31-LYS:NZ;3.3
SB;A:28-GLU:OE1;A:31-LYS:NZ;3.3
AT;A:28-GLU:OE2;A:31-LYS:NZ;5.1
HB;A:29-LEU:N;A:25-ILE:O;3.1
HB;A:29-LEU:N;A:26-LYS:O;3.5
HB;A:29-LEU:O;A:32-TYR:N;3.3
HB;A:29-LEU:O;A:33-LYS:N;3.7
HY;A:29-LEU:CD1;A:25-ILE:CG2;4.1
HB;A:30-ASP:N;A:26-LYS:O;3.1
HB;A:30-ASP:N;A:27-GLN:O;3.6
HB;A:30-ASP:O;A:33-LYS:N;3.5
AT;A:30-ASP:OD2;A:33-LYS:NZ;5.7
HB;A:31-LYS:N;A:27-GLN:O;3.5
HB;A:31-LYS:N;A:28-GLU:O;3.4
HY;A:31-LYS:CB;A:32-TYR:CD2;4.3
AT;A:31-LYS:NZ;A:28-GLU:OE1;3.3
HB;A:31-LYS:NZ;A:28-GLU:OE1;3.3
SB;A:31-LYS:NZ;A:28-GLU:OE1;3.3
AT;A:31-LYS:NZ;A:28-GLU:OE2;5.1
HB;A:32-TYR:N;A:28-GLU:O;3.9
HB;A:32-TYR:N;A:29-LEU:O;3.3
HY;A:32-TYR:CD2;A:31-LYS:CB;4.3
HB;A:33-LYS:N;A:29-LEU:O;3.7
HB;A:33-LYS:N;A:30-ASP:O;3.5
AT;A:33-LYS:NZ;A:30-ASP:OD2;5.7
