ID,Peptide,Actual,CSM-peptides,CSM-peptides_probability
1,RKKRRQRRRPPQCAAVALLPAVLLALLAP,Positive,Positive,1.00
2,EKRPRTAFSSEQLARLKREFNENRYLTTERRRQQLSSELGLNEAQIKIWFQNKRAKIKKST,Positive,Positive,1.00
3,QSPTDFTFPNPL,Positive,Positive,0.55
4,KLALKAAAKAWKAAAKAA,Positive,Positive,1.00
5,IPSRWKDQFWKRWHY,Positive,Positive,0.69
6,RTLVNEYKNTLKFSK,Positive,Positive,0.95
7,MIIFRAAASHKK,Positive,Positive,1.00
8,AKVKDEPQRRSARLSAKPAPPKPEPKPKKAPAKK,Positive,Positive,1.00
9,RRARRPRRLRPAPGR,Positive,Positive,0.99
10,GWTLNSAGYLLGKFLPLILRKIVTAL,Positive,Positive,1.00
11,GRRRRRRRRRPPQ,Positive,Positive,1.00
12,GTKMIFVGIKKKEERADLIAYLKKA,Positive,Positive,0.52
13,KHKLLHLLHLLALLWLHLLHLLKHK,Positive,Positive,1.00
14,PKKKRKVALWKTLLKKVLKA,Positive,Positive,0.99
15,RRQRRTSKLMKR,Positive,Positive,1.00
16,YKALRISRKLAK,Positive,Positive,0.96
17,TPWWRLWTKWHHKRRDLPRKPEGC,Positive,Positive,0.85
18,GKHRHERGHHRDRRER,Positive,Positive,1.00
19,CGRKKRAARQRAARAARPPQ,Positive,Positive,1.00
20,HHHHHHTKRRITPKDVIDVRSVTTEINT,Positive,Positive,0.92
21,KCFMWQEMLNKAGVPKLRCARK,Positive,Negative,0.09
22,SHNWLPLWPLRP,Positive,Positive,1.00
23,GEQIAQLIAGYIDIILKKKKSK,Positive,Positive,1.00
24,ACSGRGSGCGSGRGSCG,Positive,Positive,0.99
25,CRRLRHLRHHYRRRWHRFRC,Positive,Positive,1.00
26,RKLTTIFPLNWKYRKALSLG,Positive,Positive,0.97
27,YRFKYRFKYRLFK,Positive,Positive,1.00
28,KRIIQRILSRNS,Positive,Positive,1.00
29,GKRVAKRKLIEQNRERRR,Positive,Positive,1.00
30,ACRGRGRRCGSGRRSCG,Positive,Positive,1.00
31,GRKGKHKRKKLP,Positive,Positive,1.00
32,VTPHHVLVDEYTGEWVDSQFK,Positive,Negative,0.03
33,RLWMRWYSPTTARYG,Positive,Positive,0.94
34,HHHHHHHHHHHHHHHHHHHHRRRRRRRRRRRRRRR,Positive,Positive,0.97
35,ADVFDRGGPYLQRGVADLVPTATLLDTYSP,Positive,Negative,0.11
36,KALKKLLAKWLAAAKALL,Positive,Positive,0.81
37,GNYAHRVGAGAPVWL,Positive,Positive,1.00
38,ACRGRGRGCGSGSRSCG,Positive,Positive,1.00
39,KLAKLAKKLAKLAKNYRWRCKNQN,Positive,Positive,1.00
40,LGLLLRHLRHHSNLLANI,Positive,Positive,1.00
41,LKTLTETLKELTKTLTEL,Positive,Positive,0.97
42,AIPNNQLGFPFK,Positive,Positive,0.99
43,SYIQRTPSTTLP,Positive,Positive,0.67
44,VLGQSGYLMPMR,Positive,Positive,0.99
45,YGDCLPHLKLCKENKDCCSKKCKRRGTNIEKRCR,Positive,Positive,0.99
46,YGRRARRRARR,Positive,Positive,1.00
47,HGWIHGLLHRA,Positive,Positive,1.00
48,RRWRRWWRRWWRRWRR,Positive,Positive,1.00
49,LLKLLKKLLKLLKKLLKLL,Positive,Positive,0.97
50,KRRIRRERNKMAAAKSRNRRRELTDTGC,Positive,Positive,1.00
51,HQHKPPPLTNNW,Positive,Positive,0.99
52,YAREARRAARR,Positive,Positive,1.00
53,GRKKRRERRRPPERKC,Positive,Positive,0.98
54,VRLPPPVRLPPPVRLPPP,Positive,Positive,0.89
55,MTPSSLSTLPWP,Positive,Positive,0.96
56,PPRLRKRRQLNM,Positive,Positive,1.00
57,NNNAAGRKRKKRT,Positive,Positive,1.00
58,SSSIFPPWLSFF,Positive,Positive,0.90
59,GGAYVTRSSAVRLRSSVPGVRLLQ,Positive,Positive,1.00
60,VKRGLKLRHVRPRVTRMDV,Positive,Positive,0.90
61,GGGGRRRRRRRRRLLLL,Positive,Positive,1.00
62,LSTAADMQGVVTDGMASGLDKDYLKPDD,Positive,Positive,0.96
63,GLLEALAELLEGLRKRLRKFRNKIKEK,Positive,Positive,1.00
64,LDTYSPELFCTIRNFYDADRPDRGAAA,Positive,Negative,0.13
65,LLETLLKPFQCRICMRNFSTRQARRNHRRRHRR,Positive,Positive,0.94
66,VIRVHFRLPVRTV,Positive,Positive,0.91
67,KLIKGRTPIKFGKADCDRPPKHSQNGMGK,Positive,Negative,0.07
68,GLFEALLELLESLWELLLEA,Positive,Positive,0.64
69,YGRKKRRQRRRDPYHATSGALSPAKDCGSQKYAYFNGCSSPTLSPMSP,Positive,Positive,1.00
70,KMDSRWRWKSSKK,Positive,Positive,1.00
71,RKKRRQRRRGGGKLLKLLLKLLLKLLK,Positive,Positive,1.00
72,AAVALLPAVLLALLAPVQRKRQKLMP,Positive,Positive,0.87
73,WEAALAEALAEALAEHLAEALAEALEALAA,Positive,Positive,0.86
74,KKICTRKPRFMSAWAQ,Positive,Positive,0.97
75,PQNRLQIRRHSK,Positive,Positive,1.00
76,MIIYRIAASHKK,Positive,Positive,1.00
77,CGGKDCERRFSRSDQLKRHQRRHTGVKPFQ,Positive,Positive,1.00
78,RGRGRGRGRGPEGPLA,Positive,Positive,0.99
79,WKCRRQCFRVLHHWN,Positive,Positive,0.60
80,CREKAKKLFKKILKKL,Positive,Positive,0.88
81,YARAAARQARAKALARQLGVAA,Positive,Positive,1.00
82,FFFAAGRKRKKRT,Positive,Positive,1.00
83,APWHLSSQYSRT,Positive,Positive,0.66
84,LALALALALALALALAKKLKKLKKLKKLKKLKKLKYAK,Positive,Positive,1.00
85,DPKGDPKGVTVTVTVTVTGKGDPKPD,Positive,Positive,0.85
86,YKQSHKKGGKKGSG,Positive,Positive,1.00
87,KKALLAHALHLLALLALHLAHALKKA,Positive,Positive,0.96
88,TVDNPASTTNKDKLFAVRK,Positive,Negative,0.41
89,MIIFRIAAYHKK,Positive,Positive,0.85
90,PLSSIFSRIGDP,Positive,Negative,0.03
91,CIGAVLKVLTTGLPALISWIKRKRQQ,Positive,Positive,1.00
92,MGLGLHLLVLAAALQGAWSQPKKKRKV,Positive,Positive,1.00
93,FTYKNFFWLPEL,Positive,Negative,0.02
94,CGRKKRLLRQRLLRLLRPPQ,Positive,Positive,1.00
95,AEKVDPVKLNLTLSAAAEALTGLGDK,Positive,Positive,1.00
96,EPDNWSLDFPRR,Positive,Negative,0.01
97,MHKRPTTPSRKM,Positive,Positive,1.00
98,TRRQRTRRARRNRGC,Positive,Positive,1.00
99,WRWRWRWRWRWRWR,Positive,Positive,0.99
100,RQARRNRRRALWKTLLKKVLKA,Positive,Positive,1.00
101,AYRIKPTFRRLKWKYKGKFW,Positive,Positive,0.99
102,HPGSPFPPEHRP,Positive,Negative,0.43
103,KLALQLALQALQAALQLA,Positive,Positive,1.00
104,RFTFHFRFEFTFHFEGGGRRRRRRR,Positive,Positive,0.99
105,FRVPLRIRPCVVAPRLVMVRHTFGRIARWVAGPLETR,Positive,Positive,0.97
106,RIKAERKRMRNRIAASKSRKRKLERIARGC,Positive,Positive,1.00
107,CELAGIGILTVKKKKKQKKK,Positive,Positive,1.00
108,KALAALLKKWAKLLAALK,Positive,Positive,1.00
109,RGDGPRRRPRKRRGR,Positive,Positive,0.97
110,RLRLRLRLRLRLRLRLKRLKRLKRLKRLKKKKKKKGYK,Positive,Positive,1.00
111,GRKKRRQRRRMVSAL,Positive,Positive,1.00
112,KLFMALVAFLRFLTIPPTAGILKRWGTI,Positive,Positive,1.00
113,RRRRWWWWRRRR,Positive,Positive,1.00
114,VKRFKKFFRKLKKSV,Positive,Positive,1.00
115,ACSSSPSKHCGGGGRRRRRRRRR,Positive,Positive,1.00
116,AAVALLPAVLLALLAPRKKRRQRRRPPQC,Positive,Positive,1.00
117,HFAAWGGWSLVH,Positive,Negative,0.11
118,KKKKKKGGFLGFWRGENGRKTRSAYERMCILKGK,Positive,Positive,1.00
119,TRQARRNRRRRWRERQRGC,Positive,Positive,1.00
120,CSIPPEVKFNKPFVYLI,Positive,Negative,0.38
121,CWKKKKKKKKKKKKKKKKKK,Positive,Positive,1.00
122,LLKTTALLKTTALLKTTA,Positive,Positive,1.00
123,CAYGGQQGGQGGG,Positive,Negative,0.03
124,KITLKLAIKAWKLALKAA,Positive,Positive,0.98
125,LKKLCKLLKKLCKLAG,Positive,Positive,1.00
126,GKKKKRKREKL,Positive,Positive,1.00
127,GGGGRRWWRRWRR,Positive,Positive,1.00
128,KIAKLKAKIQKLKQKIAKLK,Positive,Positive,1.00
129,TRRSKRRSHRKF,Positive,Positive,1.00
130,PSSSSSSRIGDP,Positive,Positive,1.00
131,KRIPNKKPGKKTTTKPTKKPTIKTTKKDLKPQTTKPK,Positive,Positive,1.00
132,FVTRGCPRRLVARLIRVMVPRR,Positive,Positive,1.00
133,GSGKKGGKKHCQKY,Positive,Positive,1.00
134,GLGSLLKKAGKKLKQPKSKRKV,Positive,Positive,0.99
135,ACRGRRRGCGRRRGRCG,Positive,Positive,1.00
136,HSDGIFTDSYSRYRKQMAVKKYLAAVLGKRYKQRVKNK,Positive,Positive,0.98
137,ELALELALEALEAALELA,Positive,Positive,1.00
138,QQHLLIAINGYPRYN,Positive,Positive,0.61
139,GKRRRRATAKYRSAH,Positive,Positive,1.00
140,EEEAAGRKRKKRT,Positive,Positive,0.97
141,ARRRRCSGSGSGCGSGSGSCGRRRR,Positive,Positive,1.00
142,GRGDSPRRSPRR,Positive,Positive,0.98
143,WEARLARALARALARHLARALARALRACEA,Positive,Positive,1.00
144,PKKKRKVRRRRRRRPQMQQNVFQYPGAGMVPQGEANF,Positive,Negative,0.49
145,GRGDSPRRKKKKSPRRKKKKSPRR,Positive,Positive,1.00
146,GKKALKLAAKLLKKC,Positive,Positive,1.00
147,LKTLATALTKLAKTLTTL,Positive,Positive,1.00
148,HEHEHEHEHEPEGPLA,Positive,Positive,1.00
149,GSRVQIRCRFRNSTR,Positive,Positive,1.00
150,CGGGARKKAAKAARKKAAKAARKKAAKAARKKAAKA,Positive,Positive,1.00
151,MANLGCWMLVLFVATWSDLGLCKKRPKP,Positive,Positive,0.97
152,RGGRLSYSRRRFSTSTGRA,Positive,Positive,1.00
153,TAKTRYKARRAELIAERRGC,Positive,Positive,0.51
154,LLHILRRSIRKQAHAIRK,Positive,Positive,1.00
155,LTRNYEAWVPTP,Positive,Negative,0.07
156,LLGDFFRKSKEKIGKEFKRIVQRIKDFLRNLVPRTESC,Positive,Positive,0.67
157,GRRRRKRLSHRT,Positive,Positive,1.00
158,RRRQRRKRGGDIMGEWGNEIFGAIAGFLG,Positive,Positive,0.86
159,CELAGIGILTVRKKRRQRRR,Positive,Positive,1.00
160,KLLAKAAKKWLLLALKAA,Positive,Positive,1.00
161,CHHHHHRRRRRRRRRHHHHHC,Positive,Positive,1.00
162,KKWALLALALHHLAHLALHLALALKKAHHHHHH,Positive,Positive,1.00
163,RGERGERRELRLERGELRC,Positive,Negative,0.26
164,IAWVKAFIRKLRKGPLG,Positive,Positive,0.95
165,HEHEHEHEHEHEHEHEHEHEGGGGGKLALKLALKALKAALKLA,Positive,Negative,0.17
166,ALWMTLLKKVLKAAAKAALNAVLVGANA,Positive,Positive,1.00
167,KSTGKANKITITNDKGRLSK,Positive,Positive,0.99
168,RQIKIWFQNRRMKWKKTYADFIASGRTGRRNAI,Positive,Positive,0.63
169,MAPQRDTVGGRTTPPSWGPAKAQLRNSCA,Positive,Negative,0.23
170,ASMWERVKSIIKSSLAAASNI,Positive,Positive,0.99
171,CRKARYRGRKRQR,Positive,Positive,1.00
172,AVPAKKRKSV,Positive,Positive,0.99
173,AGYLLGKINLKALAALAKKILTYADFIASGRTGRRNAI,Positive,Positive,0.99
174,AHALCLTERQIKIWFQNRRMKWKKEN,Positive,Positive,0.99
175,RKKRRRESRKKRRRESC,Positive,Positive,1.00
176,CGGMVTVLFRRLRIRRASGPPRVRV,Positive,Positive,1.00
177,ACHGRRWGCGRHRGRCG,Positive,Positive,1.00
178,PSKRLLHNNLRR,Positive,Positive,1.00
179,IYLATALAKWALKQGFGGRRRRRRR,Positive,Positive,1.00
180,KLALKLALKWAKLALKAA,Positive,Positive,1.00
181,GRCTRSIPPKCWPD,Positive,Positive,0.97
182,FAPWDTASFMLG,Positive,Negative,0.49
183,LIRLWSHLIHIWFQNRRLKWKKKGGC,Positive,Positive,0.99
184,KKKKKKNKKLQQRGD,Positive,Positive,0.99
185,FLGKKFKKYFLQLLK,Positive,Positive,0.97
186,KALKLKLALALLAKLKLA,Positive,Positive,0.96
187,GLFKALLKLLKSLWKLLLKAGGC,Positive,Positive,1.00
188,MAARLCCQLDPARDVLCLRP,Positive,Positive,0.84
189,PPKKSAQCLRYKKPE,Positive,Positive,0.95
190,SATGAPWKMWVR,Positive,Negative,0.08
191,GWTLNSAGYLLGKINLKALAALAKKIL,Positive,Positive,1.00
192,YARVRRRGPRR,Positive,Positive,1.00
193,SWWTPWHVHSES,Positive,Negative,0.00
194,KPRSKNPPKKPK,Positive,Positive,0.99
195,LLIILRRRIRRRARARSR,Positive,Positive,1.00
196,NSGTMQSASRAT,Positive,Positive,1.00
197,KLAKLAKKLAKLAKGRKKRRQRRRP,Positive,Positive,1.00
198,EEEEEEEEEEPLGLAGVSRRRRRRGGRRRR,Positive,Positive,1.00
199,CLLIILRRRIRKQAHAHSKNHQQQNPHQPPM,Positive,Positive,1.00
200,NIENSTLATPLS,Positive,Positive,1.00
201,ARRRAARAARRRAARAARRRAARAARRRAARA,Positive,Positive,1.00
202,RVREWWYTITLKQES,Positive,Positive,0.52
203,GLKKLARLFHKLLKLGC,Positive,Positive,1.00
204,LLRILRRSIRRARRAIRR,Positive,Positive,1.00
205,SMLKRNHSTSNR,Positive,Positive,1.00
206,RRRRRRRQIKILFQNRRMKWKKGGC,Positive,Positive,1.00
207,RVIRWFQNKRSKDKK,Positive,Positive,0.72
208,ISFREWLQAYSEDE,Positive,Positive,0.76
209,KWFKIQMQIRRWKNKR,Positive,Positive,1.00
210,TLPSPLALLTVH,Positive,Positive,1.00
211,KRVSRNKSEKKRR,Positive,Positive,1.00
212,LKRWGTIKKSKAINVLRGFRKEIGRMLNILNRRRR,Positive,Positive,1.00
213,SWLPYPWHVPSS,Positive,Positive,0.99
214,VNADIKATTVFGGKYVSLTTP,Positive,Positive,0.77
215,MIIYRALISHKK,Positive,Positive,1.00
216,RLWRALPRVLRRLLRP,Positive,Positive,1.00
217,AAVALLPAVLLALLAPSGASGLDKRDYV,Positive,Positive,0.99
218,ARRARAARRARAARRARAARRARAARRARA,Positive,Positive,1.00
219,GRQLRRAGRRLRGRSR,Positive,Positive,1.00
220,YGRKKRRQRRRGLFGAIAGFIENGWEGMIDGWYG,Positive,Negative,0.02
221,KMDCRPRPKCCKK,Positive,Positive,1.00
222,VSKQPYYMWNGN,Positive,Negative,0.05
223,KMTRAQRRAAARRNRWTARGC,Positive,Positive,1.00
224,RLRLRLRLRLRLRLRLKNNKNNKNNKNNKKKKKKKGYK,Positive,Positive,1.00
225,QPIIITSPYLPS,Positive,Positive,0.97
226,FQPYDHPAEVSY,Positive,Negative,0.13
227,RSVTTEINTLFQTLTSIAEKVDP,Positive,Positive,0.79
228,RQGAARVTSWLGRQLRIAGKRLEGRSK,Positive,Positive,1.00
229,WLKLLKKWLKLWKKLLKLW,Positive,Positive,1.00
230,IPLVVPLRRRRRRRRC,Positive,Positive,1.00
231,WIIFKIAASHKK,Positive,Positive,1.00
232,SRRARRSPRHLGSG,Positive,Positive,1.00
233,VELPPPVELPPPVELPPP,Positive,Positive,1.00
234,MAMPGEPRRANVMAHKLEPASLQLRNSCA,Positive,Negative,0.05
235,SRRARRSPRESGKKRKRKR,Positive,Positive,1.00
236,RQIRIWFQNRRMRWRRC,Positive,Positive,1.00
237,NAKTRRHERRRKLAIERGC,Positive,Positive,1.00
238,YKQCHKKGGHCFPKEKICLPPSSDFGKMDCRWRWKCCKKGSG,Positive,Negative,0.08
239,LAELLAELLAELGGGGRRRRRRRRR,Positive,Positive,1.00
240,YSHIATLPFTPT,Positive,Positive,0.98
241,RILQQLLFIHFRIGCRHSRI,Positive,Positive,1.00
242,MPEGPLARGRGRGRGRG,Positive,Positive,0.98
243,RQIKIWFQNRRMKWKKDIMGEWGNEIFGAIAGFLG,Positive,Negative,0.04
244,GSRHPSLIIPRQ,Positive,Positive,0.74
245,CVQWSLLRGYQPC,Positive,Positive,0.86
246,RRRQRRKKRGYCKCKYGRKKRRQRRR,Positive,Positive,1.00
247,ALWKTLLKKVLKAPKKKRKV,Positive,Positive,1.00
248,RRRQKRIVVRRRLIR,Positive,Positive,1.00
249,LLRHLRRHIRRARRHIRR,Positive,Positive,1.00
250,YYYAAGRKRKKRT,Positive,Positive,1.00
251,DTWAGVEAIIRILQQLLFIHFR,Positive,Positive,0.97
252,CASGQQGLLKLC,Positive,Positive,0.82
253,CLLYWFRRRHRHHRRRHRRC,Positive,Positive,1.00
254,HRHIRRQSLIML,Positive,Positive,0.99
255,KLLKLLLKLWKKLLKLLKGGGRRRRRRR,Positive,Positive,1.00
256,RHHRRHHRRHRRHHRRHHRHHR,Positive,Positive,1.00
257,ACRDRFRRCPADERLCG,Positive,Negative,0.27
258,GKRKKKGKGLGKKRDPCLRKYK,Positive,Positive,1.00
259,LIIFRILISHKK,Positive,Negative,0.18
260,GALFLGFLGAAGSTMGAWSQPKSKRKV,Positive,Positive,0.95
261,YRQSHRRGGRRGSG,Positive,Positive,1.00
262,GRCTKSIPPICFPD,Positive,Negative,0.07
263,FFKKLALHALHLLALLWLHLAHLALKK,Positive,Positive,0.93
264,GGVCPKILKKCRRDSDCPGACICRGNGYCGSGSD,Positive,Positive,0.84
265,FLIFIRVICIVIAKLKANLMCKT,Positive,Positive,0.78
266,TSHTDAPPARSP,Positive,Positive,1.00
267,SHAFTWPTYLQL,Positive,Positive,0.98
268,CTSTTAKRKKRKLK,Positive,Positive,1.00
269,RLSGMNEVLSFRWL,Positive,Negative,0.32
270,ALALALALALALALALKIKKIKKIKKIKKLAKLAKKIK,Positive,Positive,1.00
271,GRKKRRQRRRPPQTYADFIASGRTGRRNAI,Positive,Positive,1.00
272,AEAEAEAEAKAKAKAKAGGGHRRRRRRR,Positive,Positive,1.00
273,GYGRKKRRGRRRTHRLPRRRRRR,Positive,Positive,1.00
274,RGGRLAYLRRRWAVLGR,Positive,Positive,1.00
275,NKRILIRIMTRP,Positive,Positive,1.00
276,RQIKIQFQNRRKWKK,Positive,Positive,1.00
277,SAETVESCLAKSH,Positive,Positive,0.87
278,RGSRRAVTRAQRRDGRRRRRSRRESYSVYVYRVLRQ,Positive,Positive,1.00
279,LALALALALALALAKLAKLAKLAKLAKIKKIKKKIK,Positive,Positive,1.00
280,HHHHHHESGGGGSPGRRRRRRRRRRR,Positive,Positive,1.00
281,KHHWHHVRLPPPVRLPPPGNHHHHHH,Positive,Positive,0.90
282,RLLRLLLRLWRRLLRLLR,Positive,Positive,1.00
283,GLGDKFGESIVNANTVLDDLNSRMPQSRHDIQQL,Positive,Negative,0.15
284,LTMPSDLQPVLW,Positive,Positive,0.93
285,GYGNCRHFKQKPRRD,Positive,Positive,1.00
286,KRPAAIKKAGQAKKKK,Positive,Positive,1.00
287,DPVDTPNPTRRKPGK,Positive,Positive,0.99
288,RRRRNRTRRNRRRVRGC,Positive,Positive,1.00
289,KLAAALLKKWKKLAAALL,Positive,Positive,1.00
290,SLGWMLPFSPPF,Positive,Positive,0.99
291,GKKTNLFSALIKKKKTA,Positive,Positive,0.68
292,KLPCRSNTFLNIFRRKKPG,Positive,Positive,1.00
293,MRRIRPRPPRLPRPRPRPLPFPRPGGCYPG,Positive,Positive,1.00
294,DRDDRDDRDDRDDRDDR,Positive,Positive,0.99
295,LLKTTELLKTTELLKTTE,Positive,Negative,0.32
296,KWSFRVSYRGISYRRSRGK,Positive,Positive,1.00
297,KKAAQIRSQVMTHLRVI,Positive,Positive,1.00
298,ERERERERERERER,Positive,Positive,0.99
299,GDVYADAAPDLFDFLDSSVTTARTINA,Positive,Negative,0.39
300,RHNFRFFFNFRTNR,Positive,Positive,0.99
301,GALFLAFLAAALSLMGLWSQPKKKRKV,Positive,Positive,1.00
302,KAFAKLAARLYRKALARQLGVAA,Positive,Positive,1.00
303,RQPKIWFPNRRKPWKK,Positive,Positive,1.00
304,RKKRRRESWVHLPPPVHLPPPGGHHHHHH,Positive,Positive,1.00
305,LLRARWRRRRSRRFR,Positive,Positive,1.00
306,WEAKLAKALAKALAKHLAKALAKALKACEA,Positive,Positive,0.99
307,RRVWRRYRRQRWCRR,Positive,Positive,1.00
308,MVKSKIGSWILVLFVAMWSDVGLCKKRPKP,Positive,Positive,0.51
309,CGRKKRWWRQRWWRWWRPPQ,Positive,Positive,1.00
310,AAVALLPAVLLALLAPEILLPNNYNAYESYKYPGMFIALSK,Positive,Positive,0.83
311,YSSYSAPVSSSLSVRRSYSSSSGS,Positive,Positive,1.00
312,TAMRAVDKLLLHLKKLFREGQFNRNFESIIICRDRT,Positive,Negative,0.41
313,RIMRILRILKLAR,Positive,Positive,1.00
314,KRPTMRFRYTWNPMK,Positive,Positive,1.00
315,RARARARARARARARARARARARARARARARA,Positive,Positive,1.00
316,RLIMRIYAPTTRRYG,Positive,Positive,1.00
317,ACRGRGRGCGRGRGRCG,Positive,Positive,1.00
318,PNTRVRPDVSF,Positive,Positive,1.00
319,GLPVCGETCVGGTCNTPGCKCSWPVCTRN,Positive,Negative,0.14
320,PKKKRKVRRRRRRRYSQTSHKLVQLLTTAEQQ,Positive,Positive,1.00
321,KSICKTIPSNKPKKK,Positive,Positive,1.00
322,ACRGSGRGCGRGSGRCG,Positive,Positive,1.00
323,HEHEHEHEHEHEHEHEHEHEHEHEEFGGGGGYGRGRGRGRGRGRG,Positive,Positive,0.94
324,AGYLLGKINLKKLAKLLLIL,Positive,Positive,1.00
325,GGGRRRRRRYGRKKRRQRR,Positive,Positive,1.00
326,FFLIPKGRRRRRRRRGC,Positive,Positive,1.00
327,KLWMRWWSPTTRRYG,Positive,Positive,0.94
328,RRRRRRRGGIYLATALAKWALKQGF,Positive,Positive,1.00
329,VQAILRRNWNQYKIQ,Positive,Positive,1.00
330,KLGLKLGLKGLKGGLKLG,Positive,Positive,1.00
331,KRARNTEAARRSRARKLQRMKQGC,Positive,Positive,1.00
332,RLWMRWYSPWTRRWG,Positive,Positive,1.00
333,QRIRKSKISRTL,Positive,Positive,1.00
334,MVRRFLVTLRIRRACGPPRVRVFVVHIPRLTGEWAAP,Positive,Positive,0.74
335,KWFRVYRGIYRRRGK,Positive,Positive,1.00
336,LHHLLHHLLHLLHHLLHHLHHL,Positive,Positive,1.00
337,MPEGPLAHEHEHEHEHE,Positive,Positive,1.00
338,PKKKRKVWKLLQQFFGLM,Positive,Positive,0.96
339,GRKKRRQRRRPPQGRKKRRQRRRPPQGRKKRRQRRRPPQ,Positive,Positive,0.97
340,RVRILARFLRTRV,Positive,Positive,1.00
341,GRKLKKKKNEKEDKRPRT,Positive,Positive,1.00
342,RGPRRQPRRHRRPRR,Positive,Positive,1.00
343,RRKLSQQKEKK,Positive,Positive,1.00
344,LDITPFLSLTLP,Positive,Positive,0.91
345,RLLRLLRRLLRLLRRLLRC,Positive,Positive,1.00
346,AVPAENALNNPF,Positive,Positive,0.80
347,MIIYRDLISKK,Positive,Positive,0.68
348,GLWWRLWWRLRSWFRLWFRA,Positive,Positive,1.00
349,RQRSRRRPLNIR,Positive,Positive,1.00
350,EARPALLTSRLRFIPK,Positive,Negative,0.05
351,FITKALGISYGRKKRRQRRRPPQ,Positive,Positive,1.00
352,KLWSAWPSLWSSLWKP,Positive,Positive,0.86
353,AAVALLPAVLLALLAVTDQLGEDFFAVDLEAFLQEFGLLPEKE,Positive,Positive,0.99
354,SKRTRQTYTRYQTLELEKEFHFNRYITRRRRIDIANALSLSERQIKIWFQNRRMKSKKDR,Positive,Positive,1.00
355,YIVLRRRRKRVNTKRS,Positive,Positive,1.00
356,KWCFRVCYRGICYRRCRGK,Positive,Positive,1.00
357,KTIEAHPPYYAS,Positive,Negative,0.28
358,SQMTRQARRLYGC,Positive,Positive,1.00
359,RRRRRRRRRGPGVTWTPQAWFQWV,Positive,Positive,1.00
360,RGDRGDRRDLRLDRGDLRC,Positive,Positive,0.99
361,SGRGKQGGKARAKAKTRSSRAGLQFPVGRVHRLLRKGC,Positive,Positive,1.00
362,KNAWKHSSCHHRHQI,Positive,Positive,1.00
363,ACRRSRRGCGRRSRRCG,Positive,Positive,1.00
364,RIRMIQNLIKKT,Positive,Positive,1.00
365,SNPWDSLLSVST,Positive,Positive,0.85
366,RVIRVWFQNKRCKDKK,Positive,Positive,0.67
367,GKYVSLTTPKNPTKRRITPKDV,Positive,Positive,0.99
368,DPATNPGPHFPR,Positive,Positive,1.00
369,YPYDANHTRSPT,Positive,Positive,1.00
370,LGTYTQDFNKFHTFPQTAIGVGAP,Positive,Negative,0.03
371,WMIDVYLAECIVEK,Negative,Negative,0.08
372,EMHKLPILYYIPASMGSLTYAVHRCKKS,Negative,Negative,0.01
373,EEFFLDRWKR,Negative,Negative,0.12
374,MRDVFMHLWYNKSIEFAYVRAKIEP,Negative,Negative,0.00
375,IRKFAQQIPVKEGTWQMICEM,Negative,Negative,0.06
376,GDKYPAPSGVPQHMCPNEAMPDCSAESS,Negative,Negative,0.07
377,FDPFTFRYAIFFKNEQTWGIEVFYKSGQQDKSAH,Negative,Negative,0.03
378,MVGFPYWKAYDLVMWGLMRH,Negative,Negative,0.00
379,PRRTNPDRDNKQPGWPGL,Negative,Negative,0.04
380,CHCEVFENDQR,Negative,Negative,0.09
381,MKWNTYPIFP,Negative,Negative,0.06
382,THPRKFYLVIGEQWSANCGFSLGNTMMEVPFEYMWP,Negative,Negative,0.00
383,KPRADLTCWEHWVAKKFLC,Negative,Negative,0.02
384,IAKCNGNRGYQGRV,Negative,Negative,0.06
385,KIAWTPPMLQCTYGDWN,Negative,Negative,0.02
386,LAFNKKMSTR,Negative,Positive,0.73
387,FKPLPKPETNRYMWVSH,Negative,Negative,0.01
388,FPCKADICTDVS,Negative,Negative,0.03
389,NQRRCSVSVQLCMYYTLV,Negative,Negative,0.15
390,AIHYDSIHCVMQRAANEFLIDETDHGVDQNLQV,Negative,Negative,0.02
391,NIGHCNWWSNWNCFPINEEDLECASWKRR,Negative,Negative,0.32
392,RWAGRFENIEWAQPEH,Negative,Negative,0.02
393,TRVSAMPNCA,Negative,Negative,0.02
394,CSRRNHVCAYEFDQHCFLFGKTEH,Negative,Negative,0.01
395,KGPVIWSNVFPRQYWCGFEIRSGMQQNPWLIFCEDKTG,Negative,Negative,0.05
396,CYESMACWHHMEKNVLYERHLSQWLP,Negative,Negative,0.00
397,AYKFSYLLARINTNNQCLEWRKQESDIVIDCWVFFHYIVSRSVCWKIYERRTWIGSPM,Negative,Negative,0.00
398,VPAKKDKYHGWWATFPSPSFVY,Negative,Negative,0.00
399,IHRYFRFYWLTDWDEDAYHG,Negative,Negative,0.00
400,DAFQHVQFNHLTVYNIDHYFS,Negative,Negative,0.02
401,QSVPKRLATLRE,Negative,Negative,0.02
402,FEGYFTREYFFVQVEMPIY,Negative,Negative,0.00
403,EAEQWQWLMKN,Negative,Negative,0.09
404,VRVQMCSRMRHNHIGHERY,Negative,Negative,0.05
405,GATNSLQTWNMDRVL,Negative,Negative,0.01
406,LPRVMCCPGVSLMRFMQ,Negative,Negative,0.07
407,FYLRWESRDFYKNIPSCTENKGAQSMRNGYEQIAHPTNHIWMYM,Negative,Negative,0.01
408,NKQWWWAVMARTDETTLNPGDQ,Negative,Negative,0.00
409,MSVNMYRSSNNILCWYV,Negative,Negative,0.01
410,NCSCVNELQPN,Negative,Negative,0.03
411,LNNVERSMWKWLKVACKECCYACVH,Negative,Negative,0.08
412,SNRNEIIMNSAHKTHVDCRWEQK,Negative,Negative,0.01
413,KNPCTIKQYAFCN,Negative,Negative,0.36
414,HTNKDQSNVQCWY,Negative,Negative,0.02
415,HMYLAFPGGVHRA,Negative,Negative,0.17
416,AEVQSGMLNAPMENFMIHHYNMD,Negative,Negative,0.01
417,MCVNSDVNQWIDLRPPAMS,Negative,Negative,0.04
418,HRDDGYWTKSGGGAQDVNQGLLDSASNMMSMQNCYIHPKNN,Negative,Negative,0.04
419,SLPPKLEAYNLMKFTAVGSIRYCMTTS,Negative,Negative,0.02
420,FRVEFCEYGAHPSIH,Negative,Negative,0.01
421,WMSYRWGRKDQPQKWEFNPENMPYFNGDKWSSMEPENW,Negative,Negative,0.03
422,FSGQFEKYYVPHVVE,Negative,Negative,0.01
423,DHRYNFQNHMHSDFAYMY,Negative,Negative,0.04
424,VNWIVHGMHFAAGQPIKCIAIKRSKGRWTANRRRTLGA,Negative,Negative,0.44
425,WYVFADPVVAAGRDHCELSSDKWPSYN,Negative,Negative,0.02
426,GKGIHFSWNHMAQDQRDNKIEIKNKR,Negative,Negative,0.02
427,DTSQHFHWPSQTCFHGYEWNAVYVEQWHPPI,Negative,Negative,0.01
428,DCHVHMWSDYFDFMFK,Negative,Negative,0.00
429,VTRPRRRQSDGFPTCQGPRRE,Negative,Negative,0.18
430,TIYQKATGHVQAKIPPL,Negative,Negative,0.04
431,SEGIIIWITYIYHN,Negative,Negative,0.09
432,FWSAFYVNLVQLCWKLGNEWATEA,Negative,Negative,0.00
433,FCNVANQAYKQSHQCYCMAPLTKPAWGGMMNMEYSFIYY,Negative,Negative,0.01
434,LIPFDFVRCLNLSYKTKAYDYPM,Negative,Negative,0.01
435,NDSRHCRLLEGGLNEVNAQTVFQLQFFNYRNE,Negative,Negative,0.01
436,MMWWGNHWCICNF,Negative,Negative,0.03
437,RGKNENCITNPPDQRLHCLYKIMYSLVGWDLAK,Negative,Negative,0.00
438,VVFAQDCTSIRMYWHTMCEHLESSESFLWLNC,Negative,Negative,0.00
439,GGFVSQITRGVYLK,Negative,Negative,0.35
440,RNFMSEVQTLIVRF,Negative,Negative,0.01
441,HESRQHKPTTKQVQICIETEAYCECNPAGF,Negative,Negative,0.03
442,TVDVHPGAFDQL,Negative,Negative,0.07
443,AEIMQPPLLNGFRPRRDLCVIRDRGCAPIAWHLVWT,Negative,Negative,0.02
444,HFDAYAEHKDLIS,Negative,Negative,0.07
445,RLGTRCSVCMLHAWQGGKQVDE,Negative,Negative,0.01
446,MCFYMEDQVCNTCVQTVEG,Negative,Negative,0.00
447,SSKLHCQVGDLQYKMPF,Negative,Negative,0.03
448,QNMRNLKGFMCDEGEKFAADPTQSQCHDLTYFML,Negative,Negative,0.01
449,FDIPMTRWVSRWNQ,Negative,Negative,0.02
450,CCNIEEKWFS,Negative,Negative,0.19
451,RGLETIFHWY,Negative,Negative,0.01
452,ETMQGCIQFTWQQH,Negative,Negative,0.01
453,ARIVSNTTMWSVHLHMEW,Negative,Negative,0.01
454,QRQTHMVTHLAKQMV,Negative,Negative,0.18
455,TNAPSVVLGGLQGISDSHQYYWHEC,Negative,Negative,0.01
456,PVMSMPCTDG,Negative,Negative,0.02
457,TTHDDACIQYLMELNPDIV,Negative,Negative,0.04
458,YWNVKTLDEKAGFPKEDYVKIGDCYCQ,Negative,Negative,0.00
459,RSFCWSIYMIA,Negative,Negative,0.09
460,VDHDRHIIKHLKSGCIGCIDASK,Negative,Negative,0.03
461,KLQQTRSTQTCE,Negative,Negative,0.13
462,MRVCHIYQADYKDGDAHDH,Negative,Negative,0.01
463,HKHLNSYPQDRGFRYNCKSC,Negative,Negative,0.06
464,KYLVWPFNRSKAKYTWSYPMDWVSHTVMIFIASNDYMGKLC,Negative,Negative,0.00
465,NANHLVGQWEHMWYAMFQA,Negative,Negative,0.00
466,RQYKNEFQNQTQM,Negative,Negative,0.09
467,CHHEFRNVWVFLGEMPFILKGQWL,Negative,Negative,0.00
468,CYVQLFTRDKAVTENKYNFKIVQWYPMV,Negative,Negative,0.00
469,MMVKEELDFSETQIKRN,Negative,Negative,0.02
470,DDKTCSMQACN,Negative,Negative,0.01
471,LGAQNCLLVKHLVAQLDGDQDDQGTKDSL,Negative,Negative,0.24
472,GPSKTNLDLNNHPYDDPSDYYESVRVVTVKGGPIYN,Negative,Negative,0.01
473,SPYENYKCEYQMPRWLEDE,Negative,Negative,0.00
474,RMMDDGRMIHMLNKRWVTVWCETQYC,Negative,Negative,0.01
475,AYDYETPRNDP,Negative,Positive,0.58
476,FAKDLPDWALEGW,Negative,Negative,0.01
477,CWGDFGCWIIWQSNPCEQ,Negative,Negative,0.00
478,GKLGWMITKRRIELTMYSHYR,Negative,Negative,0.09
479,KQEIKRHKLEQPSLLGQFKEADTAS,Negative,Negative,0.02
480,PYFMNKERWCVI,Negative,Negative,0.01
481,DGQVCKKEKQKSEDYEEN,Negative,Negative,0.03
482,WWYVAMKASMQGWTFCMSCNELTRHDQYE,Negative,Negative,0.03
483,EQTNMRKHMGM,Negative,Negative,0.03
484,ILDICDHHGWNCYQKAYGDTIFPKEGAETPCWLK,Negative,Negative,0.01
485,YTIGTAPISYDG,Negative,Negative,0.16
486,HINETEIMPLHIPMETRS,Negative,Negative,0.03
487,WIIQVKVAIKKHL,Negative,Positive,0.54
488,HCETGAMHALE,Negative,Negative,0.01
489,KGTLHNECPEMFPELERFLWTNK,Negative,Negative,0.01
490,MGHIVTKDKQ,Negative,Negative,0.23
491,DQIDPTRSEGVARFEPDCQGCTPRWPACVKMYKKEV,Negative,Negative,0.01
492,CNNKRFNECWPEDFWLGN,Negative,Negative,0.00
493,VYCNVCFHMTRHGPLPVMSGGNM,Negative,Negative,0.01
494,DLFLSFDLAHAAFWTMNYIDEK,Negative,Negative,0.03
495,TYIMPMEDKTTCCGPM,Negative,Negative,0.00
496,ANSVKVDLTDKYCKEWQ,Negative,Negative,0.02
497,TMFLHGHPNFN,Negative,Negative,0.23
498,DYVKHSDTFQDTREAT,Negative,Negative,0.01
499,IGFPDKKMQEMGYYYYDCNAS,Negative,Negative,0.01
500,FGFMDSLITFLALEFCCFI,Negative,Negative,0.02
501,VSVYVFVFIDWHIRPKCHSCQIFQCIWRN,Negative,Negative,0.01
502,TQLSAQHWSVVNYMMKAYACMALAPTKSDMLERWPDID,Negative,Negative,0.00
503,NHKNFNKQAYPLWKNQV,Negative,Negative,0.14
504,GQWCGGRHRYEPCHHPEAQWHQDACWQVNKKWYQLS,Negative,Negative,0.02
505,EEEILEYVWACIIGCSGAYQHK,Negative,Negative,0.03
506,AIWQHLDLYSECKCGFSI,Negative,Negative,0.00
507,TTPINDDWESM,Negative,Negative,0.03
508,FSLHRYMAWFCPWTGAWLMLD,Negative,Negative,0.00
509,YLQTYTMDEIPYLFEQMWAVKEGFHS,Negative,Negative,0.00
510,SWEQRNCQMLMNVCNVNRRKGCLGGGRK,Negative,Positive,0.72
511,NTIPVRPYNPVFENWPQDWPM,Negative,Negative,0.03
512,WCPSDMMPAVYVNEGHESKDKNQQMCKAMWNSET,Negative,Negative,0.02
513,VKVPQKNDEQYVM,Negative,Negative,0.05
514,SMEKWNVICHNTHGERPTYKQMKDKKMNIKFR,Negative,Negative,0.02
515,GNTAWNGNEAFLLVICIKYILDIIGYKNMSLSKE,Negative,Negative,0.06
516,ENRQSIWVTIMEARKNKATLHDYMSVPQW,Negative,Negative,0.06
517,YACTWTGSMSERYVVR,Negative,Negative,0.02
518,CMEEPLLYECLIIPLGDFLL,Negative,Negative,0.01
519,RAHLWTLNEWRWEFCPKCCQFVN,Negative,Negative,0.01
520,MEPAAMWTITDI,Negative,Negative,0.29
521,VMGNRSHVDQRPVKTTDTSSETQQYFRMAMISDIT,Negative,Negative,0.02
522,HYYQSMKDIIAMMITLDKPHIGARN,Negative,Negative,0.00
523,IFPTRWDDRLGME,Negative,Negative,0.01
524,TEVAVEMITDAHLQYPISKIFDGRSMPPYSNWATQMA,Negative,Negative,0.02
525,VIQQKTQFPIDKSPQQIPMMYGVEWPMWN,Negative,Negative,0.01
526,VKARFEMWKIHHI,Negative,Negative,0.01
527,LVYPIDIVNKAVNLYV,Negative,Negative,0.03
528,KQDLKVMGHPQESFNVF,Negative,Negative,0.01
529,MKYLHDQWLTPEFRYYWIKVSWTLWKFSHKLSEMIL,Negative,Negative,0.01
530,QYCTPNRDYQNTDAT,Negative,Negative,0.01
531,SMARMQSEANVYWETD,Negative,Negative,0.02
532,VTMSTEEFFYDADTNTKLLPDWESLSHPSYIMY,Negative,Negative,0.01
533,RHYYRGQSQPQW,Negative,Positive,0.60
534,SMMRGVYSWFGCQWHNML,Negative,Negative,0.01
535,WDIINWSDPWYACNYDSW,Negative,Negative,0.00
536,RWCKDGGVDNAQKKCVFMHYF,Negative,Negative,0.01
537,EFQEAHSMFVVH,Negative,Negative,0.01
538,HQKKHIEEMENLTVKDQQRMMYCTPCNNKEYWVATYLM,Negative,Negative,0.01
539,TDMMGRRWPTCQEMTSTK,Negative,Negative,0.10
540,KLIWVWAYDIWPPREPMKSFAPMCLD,Negative,Negative,0.00
541,YRAMKDQKVNGAPMNKRDPCSGM,Negative,Negative,0.01
542,NFHKCTCKVKSIANTAEEVRIP,Negative,Negative,0.03
543,VKQCFKHWNIQDG,Negative,Negative,0.03
544,FLIQMYMHSGLHDM,Negative,Negative,0.01
545,VMWFETRFFPCI,Negative,Negative,0.00
546,DKSFLVDFNKNFLHEDFPWKQMGGTFMSHLR,Negative,Negative,0.01
547,QDQSHAGGHVAHIM,Negative,Negative,0.04
548,MPHAWEHPVWGTTCYNDHWLMF,Negative,Negative,0.00
549,LWFQMGRNDATDWIRN,Negative,Negative,0.01
550,KIYGFLCVCSMCSSCTKPYAYEKHGLRP,Negative,Negative,0.01
551,QGVTYCYTWHGDFRNPCLFC,Negative,Negative,0.00
552,YKYKKRQFFMDVRWF,Negative,Negative,0.02
553,IKFTVVAVYTLHGE,Negative,Negative,0.03
554,CPNSLHMRTMKEEKHEQVDYMSAF,Negative,Negative,0.03
555,TFSEWQWNNQA,Negative,Negative,0.02
556,FLQTPLIDSISQTVTPLVCW,Negative,Negative,0.02
557,YAFYPWQWGCRDCQQS,Negative,Negative,0.01
558,SSCHRTMFTITLVDGWHQ,Negative,Negative,0.02
559,NDYMEHMCQGAFILMRAVHRM,Negative,Negative,0.00
560,FGIHSPVNWLANARF,Negative,Negative,0.00
561,AAQMESMPCGC,Negative,Negative,0.01
562,DTEPFNIKREESPDCPDRLMHGRW,Negative,Negative,0.03
563,QVHMEKNNIMMPDNKWGYE,Negative,Negative,0.00
564,QKHVEDTFVTFSPTDKFYKKR,Negative,Negative,0.06
565,IHWIRSKVWLKH,Negative,Positive,0.90
566,WPRPYPECHPSLTK,Negative,Positive,0.55
567,LNESMAKKNQGRPELGT,Negative,Negative,0.01
568,GNINGMGCWN,Negative,Negative,0.02
569,NCINGYAVRADQDFLA,Negative,Negative,0.02
570,YVNMCRCDRPHDSFCPTHWFARYLNRC,Negative,Negative,0.00
571,CNDWQTKDYMIALLFSFNNYAKWPLKQLIVPTLKILW,Negative,Negative,0.01
572,HQCANHKKKIMMWSQKLNDLHRYDLWGGICSDAMMQLSP,Negative,Positive,0.53
573,TNFYLMVPMYFTSSDCNLQ,Negative,Negative,0.01
574,PSKCSVNIEKSLFFMHAQAY,Negative,Negative,0.00
575,CKQNVLHPNKHCKCNSE,Negative,Negative,0.05
576,CTWLGARMRWQNDQKND,Negative,Negative,0.05
577,SQNTYSFTYD,Negative,Negative,0.01
578,FMVAPSMGAL,Negative,Negative,0.02
579,DAKWHMKGINN,Negative,Negative,0.03
580,EYNYCGSINE,Negative,Negative,0.00
581,AIRFDAQCTMMAYTFREY,Negative,Negative,0.00
582,IVDWNYNIMNDDDNKTYGSSLQIKSPDQWVEMDWE,Negative,Negative,0.04
583,VDKHCMGSWMSTCGNFEDNHTQEMG,Negative,Negative,0.08
584,MMYLWVVPYYSSSD,Negative,Negative,0.03
585,KCQHRTPWKSFHKMFCQ,Negative,Positive,0.57
586,PHQPFWFFAHCGATQLRMNGYEWW,Negative,Negative,0.00
587,LGMNIPNIKTFEKARCMQ,Negative,Negative,0.01
588,PWTEDQIVKAMMFFN,Negative,Negative,0.00
589,HEAHSTYWFHGKYCFN,Negative,Negative,0.00
590,ASCEYTQTTSRH,Negative,Negative,0.13
591,CSFYMMMGYRLHYTWLAAITVLHMYHVVA,Negative,Negative,0.03
592,WTFQVCSMGAWYNLGINAAKVNAWLVL,Negative,Negative,0.03
593,HITSHGKYQIHPFHL,Negative,Negative,0.01
594,LVYGYLQGLQS,Negative,Negative,0.13
595,CVMFLSFTMHLMFGSCLEWWVNL,Negative,Negative,0.03
596,QHQEYMPNNVSTNGWP,Negative,Negative,0.02
597,AWQCYKCRQDICWQSSKIN,Negative,Negative,0.03
598,KCWIEEYFALKQPE,Negative,Negative,0.03
599,DYHDIKYKPSIFVIKVY,Negative,Negative,0.09
600,PCELHIVEGCFGNDM,Negative,Negative,0.01
601,MCWTHKIQRDKFECEFWRP,Negative,Negative,0.01
602,AYTWTGWDPCWSWHCHMRFLKEESHES,Negative,Negative,0.01
603,ETCMRINPASMSITKFTHESCSHYYE,Negative,Negative,0.01
604,EVTMGEHPTAKIAMKDTNCPGLQPLFFPKNMD,Negative,Negative,0.00
605,CIHGYQKIKDAV,Negative,Negative,0.33
606,QACCEHIQEMFGSEIFCAS,Negative,Negative,0.02
607,PPDGVNIHYQLN,Negative,Negative,0.26
608,PGYKSWYDGADVQTL,Negative,Negative,0.01
609,CRDRCVWQTTCVTCGNPAVKDQ,Negative,Negative,0.01
610,LHKWDVQGYNDP,Negative,Negative,0.18
611,LLMAQHPEKA,Negative,Negative,0.02
612,RCYYNAGSVDACCLKCWQWGASCWNQLRLPCKGVSPNCCNSTARERSEKMSV,Negative,Negative,0.01
613,VLAAVYYYITLLWIDSIWCKW,Negative,Negative,0.02
614,QISVRTYGRYF,Negative,Negative,0.05
615,GRRRCVFPHEKYAIGGLYCNNKSGDVGGPI,Negative,Negative,0.12
616,QGKTYTMIEEKII,Negative,Negative,0.02
617,DWFNLIQYDMFWDLADCES,Negative,Negative,0.01
618,IWWEEVSKRTGCRGYEI,Negative,Negative,0.05
619,STNQAWELQNSMWEWSELMHCG,Negative,Negative,0.03
620,LQMIYHQKQFMQYSQTPGEMSG,Negative,Negative,0.01
621,FIMATPNPIFGKHQYMSEMPPETH,Negative,Negative,0.01
622,VGPMKSPMGTCGSRGDGAL,Negative,Negative,0.14
623,GGMYTRIIEGP,Negative,Negative,0.07
624,ANNIQTIVSFC,Negative,Negative,0.05
625,CEFGNDVHVIHQSYFPM,Negative,Negative,0.00
626,MPYNWVCLHE,Negative,Negative,0.03
627,KDAQEGQEMSKKY,Negative,Negative,0.03
628,MYEGSYMSAMKPIDH,Negative,Negative,0.01
629,PMIKFVIMNQCLVGFPLCLHKCPVFAH,Negative,Negative,0.03
630,LVRPPQDSHPVEIMKKTLGNF,Negative,Negative,0.00
631,PFGFNGSRGDLWVGVHGSV,Negative,Negative,0.02
632,IIQFCNCSMIKSRPWFCEKNSLDPPYS,Negative,Negative,0.00
633,NWNCIVMAPMRMHRGVLP,Negative,Negative,0.02
634,NVPRMYYFQYYGLKTCTWAA,Negative,Negative,0.01
635,NLELAQGDDAQQVNAFHCNKCRHGVHGHIVIIVNIILE,Negative,Negative,0.09
636,KHQAQGQQTFC,Negative,Negative,0.24
637,ETCRYDSEVPSCNMS,Negative,Negative,0.01
638,PRAVHKPFIHYDKPMWYT,Negative,Negative,0.01
639,DDAYFDSIECVGHCERLQMCIWSSWYYG,Negative,Negative,0.00
640,VAKLWTTIPTYWCHDRPCMFSYSCWWWVMHYIQR,Negative,Negative,0.01
641,DNLDLIVFKYQVNWYFSF,Negative,Negative,0.01
642,IMIFETYNNMMPYQIDFIVYHNTYHTNEMRWQET,Negative,Negative,0.02
643,EFDTAMNFIIANVQGL,Negative,Negative,0.07
644,FGEFGVDTQTCTWQFTR,Negative,Negative,0.00
645,SLHRNDITICC,Negative,Negative,0.12
646,DSDQQQQFEP,Negative,Negative,0.08
647,CAQAEYSRIWYDTLIE,Negative,Negative,0.01
648,CNGIQWNPVPPVREHADPTGVPKNPRNWMQCG,Negative,Negative,0.01
649,TTMQVGDCSFQNDIGWQMNNETDWGWNTCNDKVC,Negative,Negative,0.03
650,PWGYIHHPVIFGFFSLDAEFRTFPKC,Negative,Negative,0.01
651,DKTDMDQCVNCIEQDW,Negative,Negative,0.02
652,TMDKAFMICVEISWGIFN,Negative,Negative,0.01
653,PQTDEQTTQKSYFNCHFEYIILWSIHAP,Negative,Negative,0.01
654,HDPFLAYCGPRNRL,Negative,Negative,0.01
655,IMAEREFAIF,Negative,Negative,0.01
656,GEHCFYVPMHDGTGKMTSTAFLIGYCEYHPIQHDDYMACHVNFQ,Negative,Negative,0.00
657,EYTMDFARIWWEYR,Negative,Negative,0.00
658,RGRTAKESPLAFKMQEVPDPCRYA,Negative,Negative,0.01
659,SCKQGDVVKKNFPMQCPFACFAMVEFVG,Negative,Negative,0.00
660,AELQCSVYKNTRNHDTDV,Negative,Negative,0.00
661,GAVESAAAQPVSTIV,Negative,Negative,0.08
662,NNLCVMRMDMSDWNF,Negative,Negative,0.00
663,EWYYQGYTTILVCFANQCFGHSIIGFDLP,Negative,Negative,0.01
664,KRNWRLWLGPPVIHVGI,Negative,Negative,0.05
665,SWLLLMMPQHP,Negative,Negative,0.13
666,QPWIFYVMKEWGVKSQAGESTLTEY,Negative,Negative,0.00
667,THCNLAACREPT,Negative,Negative,0.04
668,TGWERFPSYVRDFGYSGGLQ,Negative,Negative,0.01
669,QYYKNPMVDFRQGI,Negative,Negative,0.00
670,PTVSPPEDSHTCVCFHQDNCTQC,Negative,Negative,0.03
671,LHPAKLAFFGIMMTCEKM,Negative,Negative,0.00
672,YFMHYCFATWYSPPSGGHSCMDFMQMVKQAAGIDQETRG,Negative,Negative,0.02
673,FAYFDWHMPLPCMGMLCCKGHPIWAKQTLPH,Negative,Negative,0.01
674,DLNWSYYTCAHEG,Negative,Negative,0.02
675,IDRYMKWRPIQNSLIA,Negative,Negative,0.09
676,LDRQLSWNQTEWWRLCPFQ,Negative,Negative,0.01
677,LDNALAGDMQNYN,Negative,Negative,0.01
678,IAFSMHPGCWGHYKFLTWLDHQYKIQLQT,Negative,Negative,0.00
679,CPAEFKAVMM,Negative,Negative,0.01
680,RYMPLVITHNDAES,Negative,Negative,0.00
681,TIEDCFSMASRIIKCYHP,Negative,Negative,0.01
682,QDRYGNMFETIW,Negative,Negative,0.02
683,YPRQLDDVVDETVISIMIDTQNWGIRLGCVMQQG,Negative,Negative,0.02
684,QIGFLNVTCKKSINANAEESLEADY,Negative,Negative,0.03
685,CSFWIGHEPSNIFSNTNETTFSCH,Negative,Negative,0.01
686,YLCNYFTHDQ,Negative,Negative,0.00
687,GQGFDDMMSICYIAMLC,Negative,Negative,0.01
688,EVEPLAWYMSWPV,Negative,Negative,0.03
689,KGPHTLPKCMYPIYGSSLYKGEHYHAWFPPQLY,Negative,Negative,0.02
690,YYAKKEMYGYWTHGVGCTWVGYTQKYQYQQLFVPNM,Negative,Negative,0.00
691,DMDEETFFDQVKWSLWATQCITKFQCEPEAKDFKCEL,Negative,Negative,0.01
692,MSAWVLTQWQIDLCGQEIS,Negative,Negative,0.03
693,NHKSLWSHDTQMCLDDTL,Negative,Negative,0.01
694,NLKDDSWWGT,Negative,Negative,0.01
695,DAMHDTEETHHMLDKVSRELFLTREMEAGCELFKHMIPAPMRF,Negative,Negative,0.00
696,SDVFFRPGSIEA,Negative,Negative,0.06
697,AWICGNMTCGHANMPYMAIYGFAVLSW,Negative,Negative,0.09
698,SCMNTWLQMQSGNQHYIGRMVDYLYYDNSMRND,Negative,Negative,0.02
699,PYMVCWTMGMPKYQSWPTKEMKSSRMLTSKPCFPN,Negative,Negative,0.03
700,FMRDLMIFTDDAANHREYMKAFSTRAVIY,Negative,Negative,0.01
701,IAYNEMLLANVMPDRPIPGDNYHTFN,Negative,Negative,0.01
702,VKRIVTYNLGDMRSNPQGP,Negative,Negative,0.01
703,GEIFVIIMVI,Negative,Negative,0.17
704,KFKYHAERVGINGKHEMITP,Negative,Negative,0.01
705,MTLHEAGTSMKSF,Negative,Negative,0.02
706,FQLNYKKFTSEMRAPKHDDSMKP,Negative,Negative,0.01
707,MNKAYFCGCMCLSDKLQ,Negative,Negative,0.01
708,WLQQYSEDKDCAIHFTSC,Negative,Negative,0.01
709,NHDKSKNRKPKQTNST,Negative,Negative,0.08
710,ECNDYTSVPHTFTVGLNPDFMSINNFEAPWWV,Negative,Negative,0.01
711,NTFTEALNPPFKEMLS,Negative,Negative,0.01
712,HIESESWFDYP,Negative,Negative,0.10
713,ADSTNHLSNRTGVFCVV,Negative,Negative,0.01
714,CCIMHWYYTIEVFQ,Negative,Negative,0.00
715,CNIFPQLCENINWT,Negative,Negative,0.00
716,NTWVNKEVPWELKMN,Negative,Negative,0.01
717,ACCMWVKEYMIHPYNELV,Negative,Negative,0.00
718,ENKCMDEDPHPMGQRERNRKNTTS,Negative,Negative,0.07
719,NALDVKVQTWVLLNDFN,Negative,Negative,0.01
720,IQIDDESNPLSPGVNDLH,Negative,Negative,0.11
721,DYDVMLFFIWDYP,Negative,Negative,0.01
722,NRRPWRMNDPMSWGHN,Negative,Negative,0.01
723,AWMQLACFADVDTRHGYMHLMEWDDVYHY,Negative,Negative,0.01
724,VFGKHWAYMRNWGWHKHTGALANHVN,Negative,Negative,0.02
725,YEESCPDIEWEQGYIK,Negative,Negative,0.01
726,IWRTCQDWWEIFEGW,Negative,Negative,0.04
727,DFFYAKLMVEEAFMLHWVKDM,Negative,Negative,0.00
728,WWVDENGPVVE,Negative,Negative,0.03
729,IQSYCAFQDWFQ,Negative,Negative,0.01
730,LKWGYMTAMESHA,Negative,Negative,0.07
731,KQMTASMTRFEVCNVANQ,Negative,Negative,0.02
732,YIEVKTGGVTLILTKRIYAYLQHQGSNF,Negative,Negative,0.02
733,HDHHLPEGNGEIMYKLIWCKKEANPGE,Negative,Negative,0.03
734,GQEGFIWLVN,Negative,Negative,0.01
735,LGWSRSYPDAQDRH,Negative,Negative,0.01
736,FMVWEFHGNDWARRH,Negative,Negative,0.01
737,PYHRKWFLCYFLGGGAGWCWPQ,Negative,Negative,0.01
738,YGDLQNGFMLFCKIWELDWVAGSAFYQD,Negative,Negative,0.00
739,IFWCATRLDYSMHLI,Negative,Negative,0.03
740,GWWIHGQGSYVPCIT,Negative,Negative,0.01
